dataset,num_and_cat,model_score,instance_certainty_clf,hits_dectree,hits_lux_ablation,hits_lux_pure,hits_lux_proba,hits_lux_shap,hits_explan,hits_lore,hits_anchor
yeast,./data/numerical_only/balanced,0.6199460916442049,0.6159443977723928,1.0,0.0,0.0,0.0,1.0,,1.0,0.0
yeast,./data/numerical_only/balanced,0.6199460916442049,0.8250250539742421,1.0,1.0,0.0,0.0,1.0,,1.0,1.0
yeast,./data/numerical_only/balanced,0.6199460916442049,0.7973071640762602,1.0,1.0,0.0,0.0,1.0,,1.0,1.0
yeast,./data/numerical_only/balanced,0.6199460916442049,0.8152199772725199,1.0,1.0,0.0,0.0,0.0,,1.0,0.0
yeast,./data/numerical_only/balanced,0.6199460916442049,0.8682135999399115,1.0,1.0,0.0,0.0,1.0,,1.0,1.0
yeast,./data/numerical_only/balanced,0.6199460916442049,0.5445753778092669,1.0,1.0,0.0,0.0,1.0,,1.0,1.0
yeast,./data/numerical_only/balanced,0.6199460916442049,0.7244654908135044,1.0,1.0,0.0,0.0,1.0,,1.0,0.0
yeast,./data/numerical_only/balanced,0.6199460916442049,0.5921854212424509,1.0,1.0,0.0,0.0,1.0,,1.0,1.0
yeast,./data/numerical_only/balanced,0.6199460916442049,0.583264425971437,1.0,1.0,0.0,0.0,1.0,,1.0,0.0
yeast,./data/numerical_only/balanced,0.6199460916442049,0.6678515535326774,1.0,1.0,0.0,0.0,1.0,,1.0,0.0
yeast,./data/numerical_only/balanced,0.6199460916442049,0.9615023951134444,1.0,1.0,0.0,0.0,0.0,,1.0,0.0
yeast,./data/numerical_only/balanced,0.6199460916442049,0.6553672710149224,1.0,1.0,0.0,0.0,1.0,,1.0,0.0
yeast,./data/numerical_only/balanced,0.6199460916442049,0.6091262814249407,1.0,1.0,0.0,0.0,1.0,,1.0,1.0
yeast,./data/numerical_only/balanced,0.6199460916442049,0.5888402956137627,1.0,1.0,0.0,0.0,1.0,,1.0,0.0
yeast,./data/numerical_only/balanced,0.6199460916442049,0.6227043135099942,1.0,1.0,0.0,0.0,1.0,,1.0,1.0
yeast,./data/numerical_only/balanced,0.6199460916442049,0.6343747033925953,0.0,1.0,0.0,0.0,1.0,,1.0,0.0
yeast,./data/numerical_only/balanced,0.6199460916442049,0.6727807790583862,1.0,1.0,0.0,0.0,1.0,,1.0,0.0
yeast,./data/numerical_only/balanced,0.6199460916442049,0.5451236663385215,1.0,1.0,0.0,0.0,1.0,,1.0,0.0
yeast,./data/numerical_only/balanced,0.6199460916442049,0.6624567000525368,1.0,1.0,0.0,0.0,1.0,,1.0,0.0
yeast,./data/numerical_only/balanced,0.6199460916442049,0.6909250911352561,1.0,1.0,0.0,0.0,1.0,,1.0,0.0
yeast,./data/numerical_only/balanced,0.6199460916442049,0.9291670920366423,1.0,1.0,0.0,0.0,1.0,,1.0,1.0
yeast,./data/numerical_only/balanced,0.6199460916442049,0.7141777014108566,1.0,1.0,0.0,0.0,1.0,,1.0,1.0
yeast,./data/numerical_only/balanced,0.6199460916442049,0.6052395960273713,1.0,1.0,0.0,0.0,1.0,,1.0,0.0
yeast,./data/numerical_only/balanced,0.6199460916442049,0.4220149154591119,0.0,0.0,0.0,0.0,1.0,,1.0,0.0
yeast,./data/numerical_only/balanced,0.6199460916442049,0.40411816448948457,1.0,0.0,0.0,0.0,1.0,,1.0,0.0
yeast,./data/numerical_only/balanced,0.6199460916442049,0.5708724648287542,1.0,1.0,0.0,0.0,1.0,,1.0,1.0
yeast,./data/numerical_only/balanced,0.6199460916442049,0.5510224168197861,1.0,1.0,0.0,0.0,1.0,,1.0,1.0
yeast,./data/numerical_only/balanced,0.6199460916442049,0.632359732789611,1.0,1.0,0.0,0.0,1.0,,1.0,1.0
yeast,./data/numerical_only/balanced,0.6199460916442049,0.7262888224676121,1.0,1.0,0.0,0.0,1.0,,1.0,0.0
yeast,./data/numerical_only/balanced,0.6199460916442049,0.5530972798149265,1.0,1.0,0.0,0.0,1.0,,1.0,0.0
yeast,./data/numerical_only/balanced,0.6199460916442049,0.5687320025500944,1.0,1.0,0.0,0.0,1.0,,1.0,1.0
yeast,./data/numerical_only/balanced,0.6199460916442049,0.3672846357438283,1.0,1.0,0.0,0.0,1.0,,1.0,1.0
yeast,./data/numerical_only/balanced,0.6199460916442049,0.5000162232013681,1.0,1.0,0.0,0.0,1.0,,1.0,1.0
yeast,./data/numerical_only/balanced,0.6199460916442049,0.8278563226224367,0.0,1.0,0.0,0.0,1.0,,1.0,0.0
yeast,./data/numerical_only/balanced,0.6199460916442049,0.5522876982469606,0.0,0.0,0.0,0.0,1.0,,1.0,0.0
yeast,./data/numerical_only/balanced,0.6199460916442049,0.8728968638611734,1.0,1.0,0.0,0.0,1.0,,1.0,0.0
yeast,./data/numerical_only/balanced,0.6199460916442049,0.8699808209284432,1.0,1.0,0.0,0.0,1.0,,1.0,1.0
yeast,./data/numerical_only/balanced,0.6199460916442049,0.3127813850469842,1.0,0.0,0.0,0.0,1.0,,1.0,0.0
yeast,./data/numerical_only/balanced,0.6199460916442049,0.6253672523844045,1.0,1.0,0.0,0.0,1.0,,1.0,1.0
yeast,./data/numerical_only/balanced,0.6199460916442049,0.6180441721347284,1.0,1.0,0.0,0.0,1.0,,1.0,0.0
yeast,./data/numerical_only/balanced,0.6199460916442049,0.3158948114700807,1.0,1.0,0.0,0.0,1.0,,1.0,0.0
yeast,./data/numerical_only/balanced,0.6199460916442049,0.5663845231945416,1.0,0.0,0.0,0.0,1.0,,1.0,1.0
yeast,./data/numerical_only/balanced,0.6199460916442049,0.9418726516776678,1.0,1.0,0.0,0.0,1.0,,1.0,1.0
yeast,./data/numerical_only/balanced,0.6199460916442049,0.7251393528754612,1.0,1.0,0.0,0.0,1.0,,1.0,0.0
yeast,./data/numerical_only/balanced,0.6199460916442049,0.37398380595972847,1.0,1.0,0.0,0.0,1.0,,1.0,0.0
yeast,./data/numerical_only/balanced,0.6199460916442049,0.6596288414257484,1.0,1.0,0.0,0.0,1.0,,1.0,0.0
yeast,./data/numerical_only/balanced,0.6199460916442049,0.7190160412547838,1.0,1.0,0.0,0.0,1.0,,1.0,0.0
yeast,./data/numerical_only/balanced,0.6199460916442049,0.8181551637660598,1.0,1.0,0.0,0.0,1.0,,1.0,0.0
rmftsa,./data/numerical_only/balanced,0.51171875,0.44038999608534307,1.0,1.0,0.0,0.0,1.0,,1.0,1.0
rmftsa,./data/numerical_only/balanced,0.51171875,0.48745261011838537,1.0,1.0,0.0,0.0,1.0,,1.0,1.0
rmftsa,./data/numerical_only/balanced,0.51171875,0.4012083385316723,0.0,1.0,0.0,0.0,1.0,,1.0,1.0
rmftsa,./data/numerical_only/balanced,0.51171875,0.4677453849714511,0.0,0.0,0.0,0.0,1.0,,1.0,1.0
rmftsa,./data/numerical_only/balanced,0.51171875,0.6249719756247475,1.0,1.0,0.0,0.0,1.0,,1.0,1.0
rmftsa,./data/numerical_only/balanced,0.51171875,0.49236486099131466,1.0,1.0,0.0,0.0,1.0,,1.0,1.0
rmftsa,./data/numerical_only/balanced,0.51171875,0.43650006103261874,1.0,1.0,0.0,0.0,1.0,,1.0,1.0
rmftsa,./data/numerical_only/balanced,0.51171875,0.5243692345262708,1.0,1.0,0.0,0.0,1.0,,1.0,1.0
rmftsa,./data/numerical_only/balanced,0.51171875,0.49636230088628136,0.0,1.0,0.0,0.0,1.0,,1.0,1.0
rmftsa,./data/numerical_only/balanced,0.51171875,0.5084652365037179,1.0,1.0,0.0,0.0,1.0,,1.0,1.0
rmftsa,./data/numerical_only/balanced,0.51171875,0.74670768942158,1.0,1.0,0.0,0.0,1.0,,1.0,1.0
rmftsa,./data/numerical_only/balanced,0.51171875,0.5425905729305046,1.0,1.0,0.0,0.0,1.0,,1.0,1.0
rmftsa,./data/numerical_only/balanced,0.51171875,0.4973621877273382,1.0,1.0,0.0,0.0,1.0,,1.0,1.0
rmftsa,./data/numerical_only/balanced,0.51171875,0.4704210858832449,0.0,1.0,0.0,0.0,1.0,,1.0,1.0
rmftsa,./data/numerical_only/balanced,0.51171875,0.4929710854828951,1.0,1.0,0.0,0.0,1.0,,1.0,1.0
rmftsa,./data/numerical_only/balanced,0.51171875,0.5426543374903007,1.0,1.0,0.0,0.0,1.0,,1.0,1.0
rmftsa,./data/numerical_only/balanced,0.51171875,0.3357359519378877,1.0,1.0,0.0,0.0,1.0,,1.0,1.0
rmftsa,./data/numerical_only/balanced,0.51171875,0.5084652365037179,1.0,1.0,0.0,0.0,1.0,,1.0,1.0
rmftsa,./data/numerical_only/balanced,0.51171875,0.5815400485602292,1.0,1.0,0.0,0.0,1.0,,1.0,1.0
rmftsa,./data/numerical_only/balanced,0.51171875,0.5805897127238807,1.0,1.0,0.0,0.0,1.0,,1.0,1.0
rmftsa,./data/numerical_only/balanced,0.51171875,0.44856041669327534,1.0,1.0,0.0,0.0,1.0,,1.0,1.0
rmftsa,./data/numerical_only/balanced,0.51171875,0.42692580761643684,0.0,1.0,0.0,0.0,1.0,,1.0,1.0
rmftsa,./data/numerical_only/balanced,0.51171875,0.37241863140469034,0.0,1.0,0.0,0.0,1.0,,1.0,1.0
rmftsa,./data/numerical_only/balanced,0.51171875,0.6788186097299296,1.0,1.0,0.0,0.0,1.0,,1.0,1.0
rmftsa,./data/numerical_only/balanced,0.51171875,0.3554753849648173,0.0,1.0,0.0,0.0,1.0,,1.0,1.0
rmftsa,./data/numerical_only/balanced,0.51171875,0.3741131248296661,0.0,1.0,0.0,0.0,1.0,,1.0,1.0
rmftsa,./data/numerical_only/balanced,0.51171875,0.35002576204356367,0.0,0.0,0.0,0.0,1.0,,1.0,1.0
rmftsa,./data/numerical_only/balanced,0.51171875,0.3481105817509823,0.0,1.0,0.0,0.0,1.0,,1.0,1.0
rmftsa,./data/numerical_only/balanced,0.51171875,0.41286541417428574,1.0,1.0,0.0,0.0,1.0,,1.0,1.0
rmftsa,./data/numerical_only/balanced,0.51171875,0.4537101364162079,0.0,1.0,0.0,0.0,1.0,,1.0,1.0
rmftsa,./data/numerical_only/balanced,0.51171875,0.4293433083122844,1.0,1.0,0.0,0.0,1.0,,1.0,1.0
rmftsa,./data/numerical_only/balanced,0.51171875,0.5201350026453004,1.0,1.0,0.0,0.0,1.0,,1.0,1.0
rmftsa,./data/numerical_only/balanced,0.51171875,0.4704210858832449,0.0,1.0,0.0,0.0,1.0,,1.0,1.0
rmftsa,./data/numerical_only/balanced,0.51171875,0.524972410297458,1.0,1.0,0.0,0.0,1.0,,1.0,1.0
rmftsa,./data/numerical_only/balanced,0.51171875,0.451730900054754,1.0,1.0,0.0,0.0,1.0,,1.0,1.0
rmftsa,./data/numerical_only/balanced,0.51171875,0.2921869765307132,0.0,1.0,0.0,0.0,1.0,,1.0,1.0
rmftsa,./data/numerical_only/balanced,0.51171875,0.7347439099181302,1.0,1.0,0.0,0.0,1.0,,1.0,1.0
rmftsa,./data/numerical_only/balanced,0.51171875,0.7201611335013736,0.0,1.0,0.0,0.0,1.0,,1.0,1.0
rmftsa,./data/numerical_only/balanced,0.51171875,0.6595572826006677,1.0,1.0,0.0,0.0,1.0,,1.0,1.0
rmftsa,./data/numerical_only/balanced,0.51171875,0.5339782426737375,1.0,1.0,0.0,0.0,0.0,,1.0,1.0
rmftsa,./data/numerical_only/balanced,0.51171875,0.5547201187416001,1.0,1.0,0.0,0.0,1.0,,1.0,1.0
rmftsa,./data/numerical_only/balanced,0.51171875,0.5728854933274113,1.0,1.0,0.0,0.0,1.0,,1.0,1.0
rmftsa,./data/numerical_only/balanced,0.51171875,0.3636549807675843,1.0,1.0,0.0,0.0,1.0,,1.0,1.0
rmftsa,./data/numerical_only/balanced,0.51171875,0.3702675459923815,0.0,0.0,0.0,0.0,1.0,,1.0,1.0
rmftsa,./data/numerical_only/balanced,0.51171875,0.6618452748188159,0.0,1.0,0.0,0.0,1.0,,1.0,1.0
rmftsa,./data/numerical_only/balanced,0.51171875,0.5084652365037179,1.0,1.0,0.0,0.0,1.0,,1.0,1.0
rmftsa,./data/numerical_only/balanced,0.51171875,0.3636549807675843,1.0,1.0,0.0,0.0,1.0,,1.0,1.0
rmftsa,./data/numerical_only/balanced,0.51171875,0.30246310886326216,1.0,1.0,0.0,0.0,1.0,,1.0,0.0
rmftsa,./data/numerical_only/balanced,0.51171875,0.3938838190091233,0.0,0.0,0.0,0.0,1.0,,1.0,1.0
rmftsa,./data/numerical_only/balanced,0.51171875,0.46213048925996725,0.0,1.0,0.0,0.0,1.0,,1.0,1.0
banknote-authentication,./data/numerical_only/balanced,1.0,0.9994916503529194,1.0,1.0,0.0,0.0,1.0,1.0,1.0,1.0
banknote-authentication,./data/numerical_only/balanced,1.0,0.9999952071007373,1.0,1.0,0.0,0.0,1.0,1.0,1.0,1.0
banknote-authentication,./data/numerical_only/balanced,1.0,0.9991620690255387,1.0,1.0,0.0,0.0,1.0,1.0,1.0,1.0
banknote-authentication,./data/numerical_only/balanced,1.0,0.9969377969715488,1.0,1.0,0.0,0.0,1.0,1.0,1.0,1.0
banknote-authentication,./data/numerical_only/balanced,1.0,0.9994072609897037,1.0,1.0,0.0,0.0,1.0,1.0,1.0,1.0
banknote-authentication,./data/numerical_only/balanced,1.0,0.9999895682671736,1.0,1.0,0.0,0.0,1.0,1.0,1.0,1.0
banknote-authentication,./data/numerical_only/balanced,1.0,0.9996460522418713,1.0,1.0,0.0,0.0,1.0,1.0,1.0,1.0
banknote-authentication,./data/numerical_only/balanced,1.0,0.9999801554624589,1.0,1.0,0.0,0.0,1.0,1.0,1.0,1.0
banknote-authentication,./data/numerical_only/balanced,1.0,0.998542381049564,1.0,1.0,0.0,0.0,1.0,1.0,1.0,1.0
banknote-authentication,./data/numerical_only/balanced,1.0,0.999936162890498,1.0,1.0,0.0,0.0,1.0,1.0,1.0,1.0
banknote-authentication,./data/numerical_only/balanced,1.0,0.9596435966371718,1.0,1.0,0.0,0.0,1.0,0.0,1.0,1.0
banknote-authentication,./data/numerical_only/balanced,1.0,0.9999381560271164,1.0,1.0,0.0,0.0,1.0,1.0,1.0,1.0
banknote-authentication,./data/numerical_only/balanced,1.0,0.9999886058374582,1.0,1.0,0.0,0.0,1.0,1.0,1.0,1.0
banknote-authentication,./data/numerical_only/balanced,1.0,0.9997113349198898,1.0,1.0,0.0,0.0,1.0,1.0,1.0,1.0
banknote-authentication,./data/numerical_only/balanced,1.0,0.986390417261159,1.0,1.0,0.0,0.0,1.0,1.0,1.0,1.0
banknote-authentication,./data/numerical_only/balanced,1.0,0.9997039447263035,1.0,1.0,0.0,0.0,1.0,0.0,1.0,1.0
banknote-authentication,./data/numerical_only/balanced,1.0,0.9998248249086713,1.0,1.0,0.0,0.0,1.0,1.0,1.0,1.0
banknote-authentication,./data/numerical_only/balanced,1.0,0.9964269561893213,1.0,1.0,0.0,0.0,1.0,1.0,1.0,1.0
banknote-authentication,./data/numerical_only/balanced,1.0,0.999956710067125,1.0,1.0,0.0,0.0,1.0,1.0,1.0,1.0
banknote-authentication,./data/numerical_only/balanced,1.0,0.9999847834936061,1.0,1.0,0.0,0.0,1.0,1.0,1.0,1.0
banknote-authentication,./data/numerical_only/balanced,1.0,0.9999945429481389,1.0,1.0,0.0,0.0,1.0,1.0,1.0,1.0
banknote-authentication,./data/numerical_only/balanced,1.0,0.9961105727864693,1.0,1.0,0.0,0.0,1.0,1.0,1.0,1.0
banknote-authentication,./data/numerical_only/balanced,1.0,0.9999392417922337,1.0,1.0,0.0,0.0,1.0,1.0,1.0,1.0
banknote-authentication,./data/numerical_only/balanced,1.0,0.9999525983140694,1.0,1.0,0.0,0.0,1.0,1.0,1.0,1.0
banknote-authentication,./data/numerical_only/balanced,1.0,0.8924406558808045,1.0,1.0,0.0,0.0,1.0,1.0,1.0,1.0
banknote-authentication,./data/numerical_only/balanced,1.0,0.9999414151640732,1.0,1.0,0.0,0.0,1.0,1.0,1.0,1.0
banknote-authentication,./data/numerical_only/balanced,1.0,0.9992663769651,1.0,1.0,0.0,0.0,1.0,1.0,1.0,1.0
banknote-authentication,./data/numerical_only/balanced,1.0,0.9999174852065689,1.0,1.0,0.0,0.0,1.0,1.0,1.0,1.0
banknote-authentication,./data/numerical_only/balanced,1.0,0.7229179893561037,1.0,1.0,0.0,0.0,1.0,1.0,1.0,1.0
banknote-authentication,./data/numerical_only/balanced,1.0,0.9999793332717077,1.0,1.0,0.0,0.0,1.0,1.0,1.0,1.0
banknote-authentication,./data/numerical_only/balanced,1.0,0.999966354176469,1.0,1.0,0.0,0.0,1.0,1.0,1.0,1.0
banknote-authentication,./data/numerical_only/balanced,1.0,0.999977295095478,1.0,1.0,0.0,0.0,1.0,1.0,1.0,1.0
banknote-authentication,./data/numerical_only/balanced,1.0,0.9992168601173395,1.0,1.0,0.0,0.0,1.0,1.0,1.0,1.0
banknote-authentication,./data/numerical_only/balanced,1.0,0.9999023288512691,1.0,1.0,0.0,0.0,1.0,1.0,1.0,1.0
banknote-authentication,./data/numerical_only/balanced,1.0,0.9972033176323913,1.0,1.0,0.0,0.0,1.0,1.0,1.0,1.0
banknote-authentication,./data/numerical_only/balanced,1.0,0.9999531916692264,1.0,1.0,0.0,0.0,1.0,1.0,1.0,1.0
banknote-authentication,./data/numerical_only/balanced,1.0,0.9999069350754224,1.0,1.0,0.0,0.0,1.0,1.0,1.0,1.0
banknote-authentication,./data/numerical_only/balanced,1.0,0.999133341911101,1.0,1.0,0.0,0.0,1.0,1.0,1.0,1.0
banknote-authentication,./data/numerical_only/balanced,1.0,0.9979682409217072,1.0,1.0,0.0,0.0,1.0,1.0,1.0,1.0
banknote-authentication,./data/numerical_only/balanced,1.0,0.9998659705358077,1.0,1.0,0.0,0.0,1.0,1.0,1.0,1.0
banknote-authentication,./data/numerical_only/balanced,1.0,0.9986112634805818,1.0,1.0,0.0,0.0,1.0,1.0,1.0,1.0
banknote-authentication,./data/numerical_only/balanced,1.0,0.999998104023596,1.0,1.0,0.0,0.0,1.0,1.0,1.0,1.0
banknote-authentication,./data/numerical_only/balanced,1.0,0.8269027490693445,0.0,1.0,0.0,0.0,1.0,1.0,1.0,1.0
banknote-authentication,./data/numerical_only/balanced,1.0,0.9904091384693078,1.0,1.0,0.0,0.0,1.0,1.0,1.0,1.0
banknote-authentication,./data/numerical_only/balanced,1.0,0.9995375423796863,1.0,1.0,0.0,0.0,1.0,1.0,1.0,1.0
banknote-authentication,./data/numerical_only/balanced,1.0,0.998327574918774,1.0,1.0,0.0,0.0,1.0,1.0,1.0,1.0
banknote-authentication,./data/numerical_only/balanced,1.0,0.9999785633436536,1.0,1.0,0.0,0.0,1.0,1.0,1.0,1.0
banknote-authentication,./data/numerical_only/balanced,1.0,0.9987657552834924,1.0,1.0,0.0,0.0,1.0,1.0,1.0,1.0
banknote-authentication,./data/numerical_only/balanced,1.0,0.9999920646180599,1.0,1.0,0.0,0.0,1.0,1.0,1.0,1.0
banknote-authentication,./data/numerical_only/balanced,1.0,0.9986915113995278,1.0,1.0,0.0,0.0,1.0,1.0,1.0,1.0
volcanoes-a2,./data/numerical_only/balanced,0.9433497536945813,0.9740465350336176,1.0,1.0,0.0,0.0,1.0,1.0,1.0,1.0
volcanoes-a2,./data/numerical_only/balanced,0.9433497536945813,0.981373809951614,1.0,1.0,0.0,0.0,1.0,1.0,0.0,1.0
volcanoes-a2,./data/numerical_only/balanced,0.9433497536945813,0.9997223679478644,1.0,1.0,0.0,0.0,1.0,1.0,1.0,1.0
volcanoes-a2,./data/numerical_only/balanced,0.9433497536945813,0.9939951779901963,1.0,1.0,0.0,0.0,1.0,1.0,1.0,1.0
volcanoes-a2,./data/numerical_only/balanced,0.9433497536945813,0.8963251622579337,1.0,1.0,0.0,0.0,1.0,1.0,1.0,1.0
volcanoes-a2,./data/numerical_only/balanced,0.9433497536945813,0.9996564605171729,1.0,1.0,0.0,0.0,1.0,1.0,0.0,1.0
volcanoes-a2,./data/numerical_only/balanced,0.9433497536945813,0.9844267132803981,1.0,1.0,0.0,0.0,1.0,1.0,1.0,1.0
volcanoes-a2,./data/numerical_only/balanced,0.9433497536945813,0.9973820785680829,1.0,1.0,0.0,0.0,1.0,1.0,0.0,1.0
volcanoes-a2,./data/numerical_only/balanced,0.9433497536945813,0.9869136722877467,1.0,1.0,0.0,0.0,1.0,1.0,0.0,1.0
volcanoes-a2,./data/numerical_only/balanced,0.9433497536945813,0.986665386241484,1.0,1.0,0.0,0.0,1.0,1.0,1.0,1.0
volcanoes-a2,./data/numerical_only/balanced,0.9433497536945813,0.596097752553807,1.0,1.0,0.0,0.0,1.0,1.0,0.0,1.0
volcanoes-a2,./data/numerical_only/balanced,0.9433497536945813,0.9944192495099339,1.0,1.0,0.0,0.0,1.0,1.0,0.0,1.0
volcanoes-a2,./data/numerical_only/balanced,0.9433497536945813,0.8543033443165882,1.0,1.0,0.0,0.0,1.0,1.0,1.0,1.0
volcanoes-a2,./data/numerical_only/balanced,0.9433497536945813,0.687309861684056,1.0,1.0,0.0,0.0,1.0,1.0,1.0,1.0
volcanoes-a2,./data/numerical_only/balanced,0.9433497536945813,0.9992882276808793,1.0,1.0,0.0,0.0,1.0,1.0,0.0,1.0
volcanoes-a2,./data/numerical_only/balanced,0.9433497536945813,0.9944220750721305,1.0,1.0,0.0,0.0,1.0,1.0,0.0,1.0
volcanoes-a2,./data/numerical_only/balanced,0.9433497536945813,0.9945595019293724,1.0,1.0,0.0,0.0,1.0,1.0,0.0,1.0
volcanoes-a2,./data/numerical_only/balanced,0.9433497536945813,0.9414664500797159,1.0,1.0,0.0,0.0,1.0,1.0,0.0,1.0
volcanoes-a2,./data/numerical_only/balanced,0.9433497536945813,0.9713221289692239,1.0,1.0,0.0,0.0,1.0,1.0,0.0,1.0
volcanoes-a2,./data/numerical_only/balanced,0.9433497536945813,0.9978538422777933,1.0,1.0,0.0,0.0,1.0,1.0,0.0,1.0
volcanoes-a2,./data/numerical_only/balanced,0.9433497536945813,0.9956265688931374,1.0,1.0,0.0,0.0,1.0,1.0,0.0,1.0
volcanoes-a2,./data/numerical_only/balanced,0.9433497536945813,0.997744283121412,1.0,1.0,0.0,0.0,1.0,1.0,1.0,1.0
volcanoes-a2,./data/numerical_only/balanced,0.9433497536945813,0.9992841037176907,1.0,1.0,0.0,0.0,1.0,1.0,0.0,1.0
volcanoes-a2,./data/numerical_only/balanced,0.9433497536945813,0.9765387162786601,1.0,1.0,0.0,0.0,1.0,1.0,0.0,1.0
volcanoes-a2,./data/numerical_only/balanced,0.9433497536945813,0.9780283064480086,1.0,1.0,0.0,0.0,1.0,,1.0,1.0
volcanoes-a2,./data/numerical_only/balanced,0.9433497536945813,0.9951213614011932,1.0,1.0,0.0,0.0,1.0,1.0,0.0,1.0
volcanoes-a2,./data/numerical_only/balanced,0.9433497536945813,0.9985621188946914,1.0,1.0,0.0,0.0,1.0,,0.0,1.0
volcanoes-a2,./data/numerical_only/balanced,0.9433497536945813,0.9909726828359998,1.0,1.0,0.0,0.0,1.0,1.0,0.0,1.0
volcanoes-a2,./data/numerical_only/balanced,0.9433497536945813,0.9990001038174837,1.0,1.0,0.0,0.0,1.0,1.0,1.0,1.0
volcanoes-a2,./data/numerical_only/balanced,0.9433497536945813,0.9938354393716733,1.0,1.0,0.0,0.0,1.0,1.0,0.0,1.0
volcanoes-a2,./data/numerical_only/balanced,0.9433497536945813,0.9962524634338543,1.0,1.0,0.0,0.0,1.0,1.0,0.0,1.0
volcanoes-a2,./data/numerical_only/balanced,0.9433497536945813,0.9995508422377745,1.0,1.0,0.0,0.0,1.0,1.0,0.0,1.0
volcanoes-a2,./data/numerical_only/balanced,0.9433497536945813,0.9578903649417642,1.0,1.0,0.0,0.0,1.0,1.0,1.0,1.0
volcanoes-a2,./data/numerical_only/balanced,0.9433497536945813,0.9995206770134331,1.0,1.0,0.0,0.0,1.0,1.0,0.0,1.0
volcanoes-a2,./data/numerical_only/balanced,0.9433497536945813,0.9940340248452065,1.0,1.0,0.0,0.0,1.0,,1.0,1.0
volcanoes-a2,./data/numerical_only/balanced,0.9433497536945813,0.9919348039712811,1.0,1.0,0.0,0.0,1.0,1.0,0.0,1.0
volcanoes-a2,./data/numerical_only/balanced,0.9433497536945813,0.9927255723689111,1.0,1.0,0.0,0.0,1.0,1.0,1.0,1.0
volcanoes-a2,./data/numerical_only/balanced,0.9433497536945813,0.2748375798023875,0.0,0.0,0.0,0.0,1.0,1.0,1.0,1.0
volcanoes-a2,./data/numerical_only/balanced,0.9433497536945813,0.9986029192321239,1.0,1.0,0.0,0.0,1.0,1.0,0.0,1.0
volcanoes-a2,./data/numerical_only/balanced,0.9433497536945813,0.9266075079715956,1.0,1.0,0.0,0.0,1.0,1.0,0.0,1.0
volcanoes-a2,./data/numerical_only/balanced,0.9433497536945813,0.998884605981375,1.0,1.0,0.0,0.0,1.0,1.0,0.0,1.0
volcanoes-a2,./data/numerical_only/balanced,0.9433497536945813,0.9943784822141033,1.0,1.0,0.0,0.0,1.0,1.0,0.0,1.0
volcanoes-a2,./data/numerical_only/balanced,0.9433497536945813,0.9717336045630097,1.0,1.0,0.0,0.0,1.0,1.0,1.0,1.0
volcanoes-a2,./data/numerical_only/balanced,0.9433497536945813,0.9974343145011351,1.0,1.0,0.0,0.0,1.0,1.0,1.0,1.0
volcanoes-a2,./data/numerical_only/balanced,0.9433497536945813,0.9998117599741475,1.0,1.0,0.0,0.0,1.0,1.0,0.0,1.0
volcanoes-a2,./data/numerical_only/balanced,0.9433497536945813,0.24110898759174568,0.0,1.0,0.0,0.0,1.0,1.0,1.0,1.0
volcanoes-a2,./data/numerical_only/balanced,0.9433497536945813,0.9973899308481727,1.0,1.0,0.0,0.0,1.0,1.0,0.0,1.0
volcanoes-a2,./data/numerical_only/balanced,0.9433497536945813,0.9077942164789908,1.0,1.0,0.0,0.0,1.0,1.0,0.0,1.0
volcanoes-a2,./data/numerical_only/balanced,0.9433497536945813,0.9909018204617649,1.0,1.0,0.0,0.0,1.0,1.0,1.0,1.0
volcanoes-a2,./data/numerical_only/balanced,0.9433497536945813,0.9398744313788496,1.0,1.0,0.0,0.0,1.0,1.0,0.0,1.0
volcanoes-a3,./data/numerical_only/balanced,0.9028871391076115,0.7335903076188426,1.0,1.0,0.0,0.0,1.0,1.0,0.0,1.0
volcanoes-a3,./data/numerical_only/balanced,0.9028871391076115,0.9735753302619613,1.0,1.0,0.0,0.0,1.0,1.0,0.0,1.0
volcanoes-a3,./data/numerical_only/balanced,0.9028871391076115,0.31380788556534095,1.0,1.0,0.0,0.0,1.0,1.0,0.0,1.0
volcanoes-a3,./data/numerical_only/balanced,0.9028871391076115,0.9989293150405095,1.0,1.0,0.0,0.0,1.0,1.0,0.0,1.0
volcanoes-a3,./data/numerical_only/balanced,0.9028871391076115,0.9997347697445965,1.0,1.0,0.0,0.0,1.0,1.0,0.0,1.0
volcanoes-a3,./data/numerical_only/balanced,0.9028871391076115,0.994795360597015,1.0,1.0,0.0,0.0,1.0,1.0,0.0,1.0
volcanoes-a3,./data/numerical_only/balanced,0.9028871391076115,0.9700653887264589,1.0,1.0,0.0,0.0,1.0,1.0,1.0,1.0
volcanoes-a3,./data/numerical_only/balanced,0.9028871391076115,0.9959901758886791,1.0,1.0,0.0,0.0,1.0,1.0,1.0,1.0
volcanoes-a3,./data/numerical_only/balanced,0.9028871391076115,0.9668611346970978,1.0,1.0,0.0,0.0,1.0,1.0,0.0,1.0
volcanoes-a3,./data/numerical_only/balanced,0.9028871391076115,0.9931437991825824,1.0,1.0,0.0,0.0,1.0,1.0,1.0,1.0
volcanoes-a3,./data/numerical_only/balanced,0.9028871391076115,0.9941443394827565,1.0,1.0,0.0,0.0,1.0,1.0,1.0,1.0
volcanoes-a3,./data/numerical_only/balanced,0.9028871391076115,0.5966580841473308,1.0,1.0,0.0,0.0,1.0,1.0,0.0,1.0
volcanoes-a3,./data/numerical_only/balanced,0.9028871391076115,0.9478544675433895,1.0,1.0,0.0,0.0,1.0,1.0,1.0,1.0
volcanoes-a3,./data/numerical_only/balanced,0.9028871391076115,0.6383906990979286,1.0,1.0,0.0,0.0,1.0,1.0,1.0,1.0
volcanoes-a3,./data/numerical_only/balanced,0.9028871391076115,0.9010528420717351,1.0,1.0,0.0,0.0,1.0,1.0,1.0,1.0
volcanoes-a3,./data/numerical_only/balanced,0.9028871391076115,0.9619229081010578,1.0,1.0,0.0,0.0,1.0,1.0,1.0,1.0
volcanoes-a3,./data/numerical_only/balanced,0.9028871391076115,0.9783993226603471,1.0,1.0,0.0,0.0,1.0,1.0,0.0,1.0
volcanoes-a3,./data/numerical_only/balanced,0.9028871391076115,0.9954468878631266,1.0,1.0,0.0,0.0,1.0,1.0,1.0,1.0
volcanoes-a3,./data/numerical_only/balanced,0.9028871391076115,0.9939117772571178,1.0,1.0,0.0,0.0,1.0,1.0,1.0,1.0
volcanoes-a3,./data/numerical_only/balanced,0.9028871391076115,0.9918976278263805,1.0,1.0,0.0,0.0,1.0,1.0,1.0,1.0
volcanoes-a3,./data/numerical_only/balanced,0.9028871391076115,0.9982074677467391,1.0,1.0,0.0,0.0,1.0,1.0,0.0,1.0
volcanoes-a3,./data/numerical_only/balanced,0.9028871391076115,0.886376752226441,1.0,1.0,0.0,0.0,1.0,1.0,1.0,1.0
volcanoes-a3,./data/numerical_only/balanced,0.9028871391076115,0.9931242218010063,1.0,1.0,0.0,0.0,1.0,1.0,0.0,1.0
volcanoes-a3,./data/numerical_only/balanced,0.9028871391076115,0.6653828512997593,1.0,1.0,0.0,0.0,1.0,1.0,0.0,1.0
volcanoes-a3,./data/numerical_only/balanced,0.9028871391076115,0.9963043528398021,1.0,1.0,0.0,0.0,1.0,1.0,0.0,1.0
volcanoes-a3,./data/numerical_only/balanced,0.9028871391076115,0.9983501373332336,1.0,1.0,0.0,0.0,1.0,1.0,1.0,1.0
volcanoes-a3,./data/numerical_only/balanced,0.9028871391076115,0.8314384157580905,1.0,1.0,0.0,0.0,1.0,1.0,1.0,1.0
volcanoes-a3,./data/numerical_only/balanced,0.9028871391076115,0.9984552766261815,1.0,1.0,0.0,0.0,1.0,1.0,1.0,1.0
volcanoes-a3,./data/numerical_only/balanced,0.9028871391076115,0.9990134862100678,1.0,1.0,0.0,0.0,1.0,1.0,0.0,1.0
volcanoes-a3,./data/numerical_only/balanced,0.9028871391076115,0.9991111396826162,1.0,1.0,0.0,0.0,1.0,1.0,1.0,1.0
volcanoes-a3,./data/numerical_only/balanced,0.9028871391076115,0.9996447043442025,1.0,1.0,0.0,0.0,1.0,1.0,0.0,1.0
volcanoes-a3,./data/numerical_only/balanced,0.9028871391076115,0.9965436464349761,1.0,1.0,0.0,0.0,1.0,1.0,1.0,1.0
volcanoes-a3,./data/numerical_only/balanced,0.9028871391076115,0.8417254654062466,1.0,1.0,0.0,0.0,1.0,1.0,1.0,1.0
volcanoes-a3,./data/numerical_only/balanced,0.9028871391076115,0.9780974928734307,1.0,1.0,0.0,0.0,1.0,1.0,0.0,1.0
volcanoes-a3,./data/numerical_only/balanced,0.9028871391076115,0.999762223621076,1.0,1.0,0.0,0.0,1.0,1.0,1.0,1.0
volcanoes-a3,./data/numerical_only/balanced,0.9028871391076115,0.805973307648545,1.0,1.0,0.0,0.0,1.0,1.0,1.0,1.0
volcanoes-a3,./data/numerical_only/balanced,0.9028871391076115,0.9107752024576656,1.0,1.0,0.0,0.0,1.0,1.0,1.0,1.0
volcanoes-a3,./data/numerical_only/balanced,0.9028871391076115,0.99734011463729,1.0,1.0,0.0,0.0,1.0,1.0,1.0,1.0
volcanoes-a3,./data/numerical_only/balanced,0.9028871391076115,0.6771511910177364,1.0,1.0,0.0,0.0,1.0,1.0,1.0,1.0
volcanoes-a3,./data/numerical_only/balanced,0.9028871391076115,0.9981274034525202,1.0,1.0,0.0,0.0,1.0,1.0,1.0,1.0
volcanoes-a3,./data/numerical_only/balanced,0.9028871391076115,0.99876513484447,1.0,1.0,0.0,0.0,1.0,1.0,0.0,1.0
volcanoes-a3,./data/numerical_only/balanced,0.9028871391076115,0.351537885805485,1.0,1.0,0.0,0.0,0.0,1.0,1.0,1.0
volcanoes-a3,./data/numerical_only/balanced,0.9028871391076115,0.9973578034149538,1.0,1.0,0.0,0.0,1.0,1.0,0.0,1.0
volcanoes-a3,./data/numerical_only/balanced,0.9028871391076115,0.9990335248924345,1.0,1.0,0.0,0.0,1.0,1.0,0.0,1.0
volcanoes-a3,./data/numerical_only/balanced,0.9028871391076115,0.9575011568142395,1.0,1.0,0.0,0.0,1.0,1.0,0.0,1.0
volcanoes-a3,./data/numerical_only/balanced,0.9028871391076115,0.9977158630951688,1.0,1.0,0.0,0.0,1.0,1.0,1.0,1.0
volcanoes-a3,./data/numerical_only/balanced,0.9028871391076115,0.9886674080789062,1.0,1.0,0.0,0.0,1.0,1.0,0.0,1.0
volcanoes-a3,./data/numerical_only/balanced,0.9028871391076115,0.9965745833168151,1.0,1.0,0.0,0.0,1.0,1.0,1.0,1.0
volcanoes-a3,./data/numerical_only/balanced,0.9028871391076115,0.9992086565473968,1.0,1.0,0.0,0.0,1.0,1.0,0.0,1.0
volcanoes-a3,./data/numerical_only/balanced,0.9028871391076115,0.9877742203234678,1.0,1.0,0.0,0.0,1.0,1.0,1.0,1.0
volcanoes-a4,./data/numerical_only/balanced,0.9129287598944591,0.9982673151711712,1.0,1.0,0.0,0.0,1.0,1.0,1.0,1.0
volcanoes-a4,./data/numerical_only/balanced,0.9129287598944591,0.9866788916987869,1.0,1.0,0.0,0.0,1.0,1.0,0.0,1.0
volcanoes-a4,./data/numerical_only/balanced,0.9129287598944591,0.38014318068232616,1.0,1.0,0.0,0.0,1.0,1.0,1.0,1.0
volcanoes-a4,./data/numerical_only/balanced,0.9129287598944591,0.9716456529068277,1.0,1.0,0.0,0.0,1.0,1.0,1.0,1.0
volcanoes-a4,./data/numerical_only/balanced,0.9129287598944591,0.9927305450551317,1.0,1.0,0.0,0.0,1.0,1.0,1.0,1.0
volcanoes-a4,./data/numerical_only/balanced,0.9129287598944591,0.3202720829077551,0.0,1.0,0.0,0.0,1.0,0.0,1.0,1.0
volcanoes-a4,./data/numerical_only/balanced,0.9129287598944591,0.9909077374596504,1.0,1.0,0.0,0.0,1.0,1.0,1.0,1.0
volcanoes-a4,./data/numerical_only/balanced,0.9129287598944591,0.8847977605069908,1.0,1.0,0.0,0.0,1.0,1.0,1.0,1.0
volcanoes-a4,./data/numerical_only/balanced,0.9129287598944591,0.9615131432208969,1.0,1.0,0.0,0.0,1.0,1.0,0.0,1.0
volcanoes-a4,./data/numerical_only/balanced,0.9129287598944591,0.975930639248898,1.0,1.0,0.0,0.0,1.0,1.0,1.0,1.0
volcanoes-a4,./data/numerical_only/balanced,0.9129287598944591,0.998994595146552,1.0,1.0,0.0,0.0,1.0,1.0,0.0,1.0
volcanoes-a4,./data/numerical_only/balanced,0.9129287598944591,0.9938408662348291,1.0,1.0,0.0,0.0,1.0,1.0,0.0,1.0
volcanoes-a4,./data/numerical_only/balanced,0.9129287598944591,0.9968641616966127,1.0,1.0,0.0,0.0,1.0,1.0,0.0,1.0
volcanoes-a4,./data/numerical_only/balanced,0.9129287598944591,0.9974984889626274,1.0,1.0,0.0,0.0,1.0,1.0,0.0,1.0
volcanoes-a4,./data/numerical_only/balanced,0.9129287598944591,0.9960079314641477,1.0,1.0,0.0,0.0,1.0,1.0,1.0,1.0
volcanoes-a4,./data/numerical_only/balanced,0.9129287598944591,0.9945120025048063,1.0,1.0,0.0,0.0,1.0,1.0,0.0,1.0
volcanoes-a4,./data/numerical_only/balanced,0.9129287598944591,0.9975113545661497,1.0,1.0,0.0,0.0,1.0,1.0,0.0,1.0
volcanoes-a4,./data/numerical_only/balanced,0.9129287598944591,0.9979779746576294,1.0,1.0,0.0,0.0,1.0,1.0,1.0,1.0
volcanoes-a4,./data/numerical_only/balanced,0.9129287598944591,0.9879871029571236,1.0,1.0,0.0,0.0,1.0,1.0,1.0,1.0
volcanoes-a4,./data/numerical_only/balanced,0.9129287598944591,0.9832456427112174,1.0,1.0,0.0,0.0,1.0,1.0,0.0,1.0
volcanoes-a4,./data/numerical_only/balanced,0.9129287598944591,0.9878912170817002,1.0,1.0,0.0,0.0,1.0,1.0,0.0,1.0
volcanoes-a4,./data/numerical_only/balanced,0.9129287598944591,0.47597168466824263,1.0,1.0,0.0,0.0,1.0,1.0,1.0,1.0
volcanoes-a4,./data/numerical_only/balanced,0.9129287598944591,0.9962847815940947,1.0,1.0,0.0,0.0,1.0,1.0,0.0,1.0
volcanoes-a4,./data/numerical_only/balanced,0.9129287598944591,0.9970534622330055,1.0,1.0,0.0,0.0,1.0,1.0,1.0,1.0
volcanoes-a4,./data/numerical_only/balanced,0.9129287598944591,0.600889511250779,1.0,1.0,0.0,0.0,1.0,1.0,1.0,1.0
volcanoes-a4,./data/numerical_only/balanced,0.9129287598944591,0.9909289125980308,1.0,1.0,0.0,0.0,1.0,1.0,1.0,1.0
volcanoes-a4,./data/numerical_only/balanced,0.9129287598944591,0.9932442573525424,1.0,1.0,0.0,0.0,1.0,1.0,1.0,1.0
volcanoes-a4,./data/numerical_only/balanced,0.9129287598944591,0.30775951103249705,1.0,1.0,0.0,0.0,1.0,1.0,1.0,1.0
volcanoes-a4,./data/numerical_only/balanced,0.9129287598944591,0.9725791350275681,1.0,1.0,0.0,0.0,1.0,1.0,0.0,1.0
volcanoes-a4,./data/numerical_only/balanced,0.9129287598944591,0.9974318236403866,1.0,1.0,0.0,0.0,1.0,1.0,0.0,1.0
volcanoes-a4,./data/numerical_only/balanced,0.9129287598944591,0.9661895158475627,1.0,1.0,0.0,0.0,1.0,1.0,1.0,1.0
volcanoes-a4,./data/numerical_only/balanced,0.9129287598944591,0.9921634701250036,1.0,1.0,0.0,0.0,1.0,1.0,1.0,1.0
volcanoes-a4,./data/numerical_only/balanced,0.9129287598944591,0.7481052656788989,1.0,1.0,0.0,0.0,1.0,1.0,1.0,1.0
volcanoes-a4,./data/numerical_only/balanced,0.9129287598944591,0.9494962890132594,1.0,1.0,0.0,0.0,1.0,1.0,1.0,1.0
volcanoes-a4,./data/numerical_only/balanced,0.9129287598944591,0.2817368578478271,1.0,1.0,0.0,0.0,1.0,1.0,1.0,1.0
volcanoes-a4,./data/numerical_only/balanced,0.9129287598944591,0.9668704034853622,1.0,1.0,0.0,0.0,1.0,1.0,0.0,1.0
volcanoes-a4,./data/numerical_only/balanced,0.9129287598944591,0.9862593545291088,1.0,1.0,0.0,0.0,1.0,1.0,1.0,1.0
volcanoes-a4,./data/numerical_only/balanced,0.9129287598944591,0.99544629562099,1.0,1.0,0.0,0.0,1.0,1.0,1.0,1.0
volcanoes-a4,./data/numerical_only/balanced,0.9129287598944591,0.9421711447849501,1.0,1.0,0.0,0.0,1.0,1.0,1.0,1.0
volcanoes-a4,./data/numerical_only/balanced,0.9129287598944591,0.3470810136312439,0.0,1.0,0.0,0.0,1.0,1.0,1.0,1.0
volcanoes-a4,./data/numerical_only/balanced,0.9129287598944591,0.9883542971955737,1.0,1.0,0.0,0.0,1.0,1.0,0.0,1.0
volcanoes-a4,./data/numerical_only/balanced,0.9129287598944591,0.5052449851470961,1.0,1.0,0.0,0.0,1.0,1.0,0.0,1.0
volcanoes-a4,./data/numerical_only/balanced,0.9129287598944591,0.9302993121564511,1.0,1.0,0.0,0.0,1.0,1.0,1.0,1.0
volcanoes-a4,./data/numerical_only/balanced,0.9129287598944591,0.9807656322384253,1.0,1.0,0.0,0.0,1.0,1.0,1.0,1.0
volcanoes-a4,./data/numerical_only/balanced,0.9129287598944591,0.9777312261070199,1.0,1.0,0.0,0.0,1.0,1.0,0.0,1.0
volcanoes-a4,./data/numerical_only/balanced,0.9129287598944591,0.982665226728098,1.0,1.0,0.0,0.0,1.0,1.0,0.0,1.0
volcanoes-a4,./data/numerical_only/balanced,0.9129287598944591,0.9697417258950747,1.0,1.0,0.0,0.0,1.0,1.0,1.0,1.0
volcanoes-a4,./data/numerical_only/balanced,0.9129287598944591,0.9835366313969199,1.0,1.0,0.0,0.0,1.0,1.0,0.0,1.0
volcanoes-a4,./data/numerical_only/balanced,0.9129287598944591,0.8923035276864918,1.0,1.0,0.0,0.0,1.0,1.0,0.0,1.0
volcanoes-a4,./data/numerical_only/balanced,0.9129287598944591,0.9975027577022423,1.0,1.0,0.0,0.0,1.0,1.0,0.0,1.0
volcanoes-e1,./data/numerical_only/balanced,0.918918918918919,0.9988882783000601,1.0,1.0,0.0,0.0,1.0,,0.0,1.0
volcanoes-e1,./data/numerical_only/balanced,0.918918918918919,0.9903609106912968,1.0,1.0,0.0,0.0,1.0,,0.0,1.0
volcanoes-e1,./data/numerical_only/balanced,0.918918918918919,0.9980344227225696,1.0,1.0,0.0,0.0,1.0,,0.0,1.0
volcanoes-e1,./data/numerical_only/balanced,0.918918918918919,0.998951423932916,1.0,1.0,0.0,0.0,1.0,,1.0,1.0
volcanoes-e1,./data/numerical_only/balanced,0.918918918918919,0.998892073358623,1.0,1.0,0.0,0.0,1.0,,0.0,1.0
volcanoes-e1,./data/numerical_only/balanced,0.918918918918919,0.730147978321457,1.0,1.0,0.0,0.0,1.0,,0.0,1.0
volcanoes-e1,./data/numerical_only/balanced,0.918918918918919,0.9977120383224899,1.0,1.0,0.0,0.0,1.0,,0.0,1.0
volcanoes-e1,./data/numerical_only/balanced,0.918918918918919,0.9446082364842117,1.0,1.0,0.0,0.0,1.0,,0.0,1.0
volcanoes-e1,./data/numerical_only/balanced,0.918918918918919,0.9919028421915695,1.0,1.0,0.0,0.0,1.0,,0.0,1.0
volcanoes-e1,./data/numerical_only/balanced,0.918918918918919,0.8594014924196454,1.0,1.0,0.0,0.0,1.0,,0.0,1.0
volcanoes-e1,./data/numerical_only/balanced,0.918918918918919,0.980236444218204,1.0,1.0,0.0,0.0,1.0,,0.0,1.0
volcanoes-e1,./data/numerical_only/balanced,0.918918918918919,0.8994443076674136,1.0,1.0,0.0,0.0,1.0,,1.0,1.0
volcanoes-e1,./data/numerical_only/balanced,0.918918918918919,0.9719110269727368,1.0,1.0,0.0,0.0,1.0,,0.0,1.0
volcanoes-e1,./data/numerical_only/balanced,0.918918918918919,0.7703317076899,1.0,1.0,0.0,0.0,1.0,,0.0,1.0
volcanoes-e1,./data/numerical_only/balanced,0.918918918918919,0.9592298226546151,1.0,1.0,0.0,0.0,1.0,,0.0,1.0
volcanoes-e1,./data/numerical_only/balanced,0.918918918918919,0.9899693942827316,1.0,1.0,0.0,0.0,1.0,,0.0,1.0
volcanoes-e1,./data/numerical_only/balanced,0.918918918918919,0.9426387029208328,1.0,1.0,0.0,0.0,1.0,,1.0,1.0
volcanoes-e1,./data/numerical_only/balanced,0.918918918918919,0.9879765312848788,1.0,1.0,0.0,0.0,1.0,,0.0,1.0
volcanoes-e1,./data/numerical_only/balanced,0.918918918918919,0.8662539992488443,1.0,1.0,0.0,0.0,1.0,,0.0,1.0
volcanoes-e1,./data/numerical_only/balanced,0.918918918918919,0.5827682990972943,1.0,1.0,0.0,0.0,1.0,,0.0,1.0
volcanoes-e1,./data/numerical_only/balanced,0.918918918918919,0.9046393034930171,1.0,1.0,0.0,0.0,1.0,,0.0,1.0
volcanoes-e1,./data/numerical_only/balanced,0.918918918918919,0.9983613100478689,1.0,1.0,0.0,0.0,1.0,,0.0,1.0
volcanoes-e1,./data/numerical_only/balanced,0.918918918918919,0.9447173268371305,1.0,1.0,0.0,0.0,1.0,,0.0,1.0
volcanoes-e1,./data/numerical_only/balanced,0.918918918918919,0.9141883046326341,1.0,1.0,0.0,0.0,1.0,,0.0,1.0
volcanoes-e1,./data/numerical_only/balanced,0.918918918918919,0.6962669933684665,1.0,1.0,0.0,0.0,1.0,,0.0,1.0
volcanoes-e1,./data/numerical_only/balanced,0.918918918918919,0.9991441471057988,1.0,1.0,0.0,0.0,1.0,,0.0,1.0
volcanoes-e1,./data/numerical_only/balanced,0.918918918918919,0.9964391088244021,1.0,1.0,0.0,0.0,1.0,,0.0,1.0
volcanoes-e1,./data/numerical_only/balanced,0.918918918918919,0.9835207839569801,1.0,1.0,0.0,0.0,1.0,,0.0,1.0
volcanoes-e1,./data/numerical_only/balanced,0.918918918918919,0.9307330380371361,1.0,1.0,0.0,0.0,1.0,,0.0,1.0
volcanoes-e1,./data/numerical_only/balanced,0.918918918918919,0.8282753322099001,1.0,1.0,0.0,0.0,1.0,,0.0,1.0
volcanoes-e1,./data/numerical_only/balanced,0.918918918918919,0.8500144109922136,1.0,1.0,0.0,0.0,1.0,,0.0,1.0
volcanoes-e1,./data/numerical_only/balanced,0.918918918918919,0.9468271233456204,1.0,1.0,0.0,0.0,1.0,,0.0,1.0
volcanoes-e1,./data/numerical_only/balanced,0.918918918918919,0.9934144958670225,1.0,1.0,0.0,0.0,1.0,,0.0,1.0
volcanoes-e1,./data/numerical_only/balanced,0.918918918918919,0.8006701141960737,1.0,1.0,0.0,0.0,1.0,,0.0,1.0
volcanoes-e1,./data/numerical_only/balanced,0.918918918918919,0.6524110183310152,1.0,1.0,0.0,0.0,1.0,,0.0,1.0
volcanoes-e1,./data/numerical_only/balanced,0.918918918918919,0.9719645464371754,1.0,1.0,0.0,0.0,1.0,,0.0,1.0
volcanoes-e1,./data/numerical_only/balanced,0.918918918918919,0.9782273977723388,1.0,1.0,0.0,0.0,1.0,,0.0,1.0
volcanoes-e1,./data/numerical_only/balanced,0.918918918918919,0.9933984879508595,1.0,1.0,0.0,0.0,1.0,,0.0,1.0
volcanoes-e1,./data/numerical_only/balanced,0.918918918918919,0.8664478097862534,1.0,1.0,0.0,0.0,1.0,,0.0,1.0
volcanoes-e1,./data/numerical_only/balanced,0.918918918918919,0.6396296348625493,1.0,1.0,0.0,0.0,1.0,,0.0,1.0
volcanoes-e1,./data/numerical_only/balanced,0.918918918918919,0.9932302603041457,1.0,1.0,0.0,0.0,1.0,,0.0,1.0
volcanoes-e1,./data/numerical_only/balanced,0.918918918918919,0.9400056676095059,1.0,1.0,0.0,0.0,1.0,,0.0,1.0
volcanoes-e1,./data/numerical_only/balanced,0.918918918918919,0.986241240761307,1.0,1.0,0.0,0.0,1.0,,0.0,1.0
volcanoes-e1,./data/numerical_only/balanced,0.918918918918919,0.9976324133557037,1.0,1.0,0.0,0.0,1.0,,0.0,1.0
volcanoes-e1,./data/numerical_only/balanced,0.918918918918919,0.5384537978139486,1.0,1.0,0.0,0.0,1.0,,0.0,1.0
volcanoes-e1,./data/numerical_only/balanced,0.918918918918919,0.988796385885137,1.0,1.0,0.0,0.0,1.0,,0.0,1.0
volcanoes-e1,./data/numerical_only/balanced,0.918918918918919,0.9670232358584083,1.0,1.0,0.0,0.0,1.0,,0.0,1.0
volcanoes-e1,./data/numerical_only/balanced,0.918918918918919,0.9821823554036067,1.0,1.0,0.0,0.0,1.0,,0.0,1.0
volcanoes-e1,./data/numerical_only/balanced,0.918918918918919,0.9771030034443291,1.0,1.0,0.0,0.0,1.0,,0.0,1.0
volcanoes-e1,./data/numerical_only/balanced,0.918918918918919,0.9903332393165356,1.0,1.0,0.0,0.0,1.0,,0.0,1.0
volcanoes-e2,./data/numerical_only/balanced,0.9185185185185185,0.9931824348110642,1.0,1.0,0.0,0.0,1.0,,0.0,1.0
volcanoes-e2,./data/numerical_only/balanced,0.9185185185185185,0.8831643500428398,1.0,1.0,0.0,0.0,1.0,,0.0,1.0
volcanoes-e2,./data/numerical_only/balanced,0.9185185185185185,0.9958358123294849,1.0,1.0,0.0,0.0,1.0,,0.0,1.0
volcanoes-e2,./data/numerical_only/balanced,0.9185185185185185,0.9883620548807696,1.0,1.0,0.0,0.0,1.0,,0.0,1.0
volcanoes-e2,./data/numerical_only/balanced,0.9185185185185185,0.9876665261695702,1.0,1.0,0.0,0.0,1.0,,0.0,1.0
volcanoes-e2,./data/numerical_only/balanced,0.9185185185185185,0.9891987949015777,1.0,1.0,0.0,0.0,1.0,,0.0,1.0
volcanoes-e2,./data/numerical_only/balanced,0.9185185185185185,0.9813541916605515,1.0,1.0,0.0,0.0,1.0,,0.0,1.0
volcanoes-e2,./data/numerical_only/balanced,0.9185185185185185,0.9874982218265681,1.0,1.0,0.0,0.0,1.0,,0.0,1.0
volcanoes-e2,./data/numerical_only/balanced,0.9185185185185185,0.9522753404377918,1.0,1.0,0.0,0.0,1.0,,0.0,1.0
volcanoes-e2,./data/numerical_only/balanced,0.9185185185185185,0.6675880512832774,1.0,1.0,0.0,0.0,1.0,,0.0,1.0
volcanoes-e2,./data/numerical_only/balanced,0.9185185185185185,0.8643669115900154,1.0,1.0,0.0,0.0,1.0,,0.0,1.0
volcanoes-e2,./data/numerical_only/balanced,0.9185185185185185,0.9485296789290187,1.0,1.0,0.0,0.0,1.0,,1.0,1.0
volcanoes-e2,./data/numerical_only/balanced,0.9185185185185185,0.9871183540844864,1.0,1.0,0.0,0.0,1.0,,0.0,1.0
volcanoes-e2,./data/numerical_only/balanced,0.9185185185185185,0.9807343995268641,1.0,1.0,0.0,0.0,1.0,,0.0,1.0
volcanoes-e2,./data/numerical_only/balanced,0.9185185185185185,0.9812705557053586,1.0,1.0,0.0,0.0,1.0,,0.0,1.0
volcanoes-e2,./data/numerical_only/balanced,0.9185185185185185,0.9732928279748062,1.0,1.0,0.0,0.0,1.0,,0.0,1.0
volcanoes-e2,./data/numerical_only/balanced,0.9185185185185185,0.992506237783911,1.0,1.0,0.0,0.0,1.0,,0.0,1.0
volcanoes-e2,./data/numerical_only/balanced,0.9185185185185185,0.8718050859713573,1.0,1.0,0.0,0.0,1.0,,0.0,1.0
volcanoes-e2,./data/numerical_only/balanced,0.9185185185185185,0.9772167353079917,1.0,1.0,0.0,0.0,1.0,,0.0,1.0
volcanoes-e2,./data/numerical_only/balanced,0.9185185185185185,0.9897870627548028,1.0,1.0,0.0,0.0,1.0,,0.0,1.0
volcanoes-e2,./data/numerical_only/balanced,0.9185185185185185,0.9408444008282576,1.0,1.0,0.0,0.0,1.0,,0.0,1.0
volcanoes-e2,./data/numerical_only/balanced,0.9185185185185185,0.8084515086776952,1.0,1.0,0.0,0.0,1.0,,0.0,1.0
volcanoes-e2,./data/numerical_only/balanced,0.9185185185185185,0.8430511640622714,1.0,1.0,0.0,0.0,1.0,,0.0,1.0
volcanoes-e2,./data/numerical_only/balanced,0.9185185185185185,0.5104176692194455,1.0,1.0,0.0,0.0,1.0,,0.0,1.0
volcanoes-e2,./data/numerical_only/balanced,0.9185185185185185,0.9958091186275774,1.0,1.0,0.0,0.0,1.0,,0.0,1.0
volcanoes-e2,./data/numerical_only/balanced,0.9185185185185185,0.9916664801181224,1.0,1.0,0.0,0.0,1.0,,0.0,1.0
volcanoes-e2,./data/numerical_only/balanced,0.9185185185185185,0.9953009619744569,1.0,1.0,0.0,0.0,1.0,,0.0,1.0
volcanoes-e2,./data/numerical_only/balanced,0.9185185185185185,0.9918980122786505,1.0,1.0,0.0,0.0,1.0,,0.0,1.0
volcanoes-e2,./data/numerical_only/balanced,0.9185185185185185,0.51040172572956,1.0,1.0,0.0,0.0,1.0,,0.0,1.0
volcanoes-e2,./data/numerical_only/balanced,0.9185185185185185,0.9561709439294788,1.0,1.0,0.0,0.0,1.0,,0.0,1.0
volcanoes-e2,./data/numerical_only/balanced,0.9185185185185185,0.9871249368652174,1.0,1.0,0.0,0.0,1.0,,0.0,1.0
volcanoes-e2,./data/numerical_only/balanced,0.9185185185185185,0.8350184946995575,1.0,1.0,0.0,0.0,1.0,,0.0,1.0
volcanoes-e2,./data/numerical_only/balanced,0.9185185185185185,0.9322671049547628,1.0,1.0,0.0,0.0,1.0,,0.0,1.0
volcanoes-e2,./data/numerical_only/balanced,0.9185185185185185,0.9971543857236438,1.0,1.0,0.0,0.0,1.0,,0.0,1.0
volcanoes-e2,./data/numerical_only/balanced,0.9185185185185185,0.9887285669854088,1.0,1.0,0.0,0.0,1.0,,0.0,1.0
volcanoes-e2,./data/numerical_only/balanced,0.9185185185185185,0.9730120454620557,1.0,1.0,0.0,0.0,1.0,,0.0,1.0
volcanoes-e2,./data/numerical_only/balanced,0.9185185185185185,0.9401539984363123,1.0,1.0,0.0,0.0,1.0,,0.0,1.0
volcanoes-e2,./data/numerical_only/balanced,0.9185185185185185,0.9776656940606984,1.0,1.0,0.0,0.0,1.0,,0.0,1.0
volcanoes-e2,./data/numerical_only/balanced,0.9185185185185185,0.6703774740529159,1.0,1.0,0.0,0.0,1.0,,0.0,1.0
volcanoes-e2,./data/numerical_only/balanced,0.9185185185185185,0.9768366203135551,1.0,1.0,0.0,0.0,1.0,,0.0,1.0
volcanoes-e2,./data/numerical_only/balanced,0.9185185185185185,0.9929217037792063,1.0,1.0,0.0,0.0,1.0,,0.0,1.0
volcanoes-e2,./data/numerical_only/balanced,0.9185185185185185,0.9210964687894508,1.0,1.0,0.0,0.0,1.0,,0.0,1.0
volcanoes-e2,./data/numerical_only/balanced,0.9185185185185185,0.3897461578805903,1.0,1.0,0.0,0.0,1.0,,1.0,1.0
volcanoes-e2,./data/numerical_only/balanced,0.9185185185185185,0.9643780136995365,1.0,1.0,0.0,0.0,1.0,,0.0,1.0
volcanoes-e2,./data/numerical_only/balanced,0.9185185185185185,0.9548960122142038,1.0,1.0,0.0,0.0,1.0,,0.0,1.0
volcanoes-e2,./data/numerical_only/balanced,0.9185185185185185,0.8528438183018133,1.0,1.0,0.0,0.0,1.0,,0.0,1.0
volcanoes-e2,./data/numerical_only/balanced,0.9185185185185185,0.5309023733058608,1.0,1.0,0.0,0.0,1.0,,0.0,1.0
volcanoes-e2,./data/numerical_only/balanced,0.9185185185185185,0.8967887623269745,1.0,1.0,0.0,0.0,1.0,,0.0,1.0
volcanoes-e2,./data/numerical_only/balanced,0.9185185185185185,0.9983858111549634,1.0,1.0,0.0,0.0,1.0,,0.0,1.0
volcanoes-e2,./data/numerical_only/balanced,0.9185185185185185,0.9964825445615285,1.0,1.0,0.0,0.0,1.0,,0.0,1.0
volcanoes-e3,./data/numerical_only/balanced,0.928125,0.9895162504467706,1.0,1.0,0.0,0.0,1.0,,0.0,1.0
volcanoes-e3,./data/numerical_only/balanced,0.928125,0.7163626545433358,1.0,1.0,0.0,0.0,1.0,,0.0,1.0
volcanoes-e3,./data/numerical_only/balanced,0.928125,0.992780687938296,1.0,1.0,0.0,0.0,1.0,,0.0,1.0
volcanoes-e3,./data/numerical_only/balanced,0.928125,0.9970729255781303,1.0,1.0,0.0,0.0,1.0,,0.0,1.0
volcanoes-e3,./data/numerical_only/balanced,0.928125,0.8805735054952761,1.0,1.0,0.0,0.0,1.0,,0.0,1.0
volcanoes-e3,./data/numerical_only/balanced,0.928125,0.9739465657961762,1.0,1.0,0.0,0.0,1.0,,0.0,1.0
volcanoes-e3,./data/numerical_only/balanced,0.928125,0.7153349538463918,1.0,1.0,0.0,0.0,1.0,,0.0,1.0
volcanoes-e3,./data/numerical_only/balanced,0.928125,0.954462732477329,1.0,1.0,0.0,0.0,1.0,,0.0,1.0
volcanoes-e3,./data/numerical_only/balanced,0.928125,0.967264732449055,1.0,1.0,0.0,0.0,1.0,,0.0,1.0
volcanoes-e3,./data/numerical_only/balanced,0.928125,0.5885772080295049,1.0,1.0,0.0,0.0,1.0,,0.0,1.0
volcanoes-e3,./data/numerical_only/balanced,0.928125,0.9981392138514644,1.0,1.0,0.0,0.0,1.0,,0.0,1.0
volcanoes-e3,./data/numerical_only/balanced,0.928125,0.9010002433460802,1.0,1.0,0.0,0.0,1.0,,0.0,1.0
volcanoes-e3,./data/numerical_only/balanced,0.928125,0.9838086030147499,1.0,1.0,0.0,0.0,1.0,,0.0,1.0
volcanoes-e3,./data/numerical_only/balanced,0.928125,0.9692148659361428,1.0,1.0,0.0,0.0,1.0,,0.0,1.0
volcanoes-e3,./data/numerical_only/balanced,0.928125,0.9720008706843879,1.0,1.0,0.0,0.0,1.0,,0.0,1.0
volcanoes-e3,./data/numerical_only/balanced,0.928125,0.9986562398530172,1.0,1.0,0.0,0.0,1.0,,0.0,1.0
volcanoes-e3,./data/numerical_only/balanced,0.928125,0.9889696041796732,1.0,1.0,0.0,0.0,1.0,,0.0,1.0
volcanoes-e3,./data/numerical_only/balanced,0.928125,0.8167210059148948,1.0,1.0,0.0,0.0,1.0,,0.0,1.0
volcanoes-e3,./data/numerical_only/balanced,0.928125,0.950642500792544,1.0,1.0,0.0,0.0,1.0,,0.0,1.0
volcanoes-e3,./data/numerical_only/balanced,0.928125,0.9908675871320802,1.0,1.0,0.0,0.0,1.0,,0.0,1.0
volcanoes-e3,./data/numerical_only/balanced,0.928125,0.9770162350024804,1.0,1.0,0.0,0.0,1.0,,0.0,1.0
volcanoes-e3,./data/numerical_only/balanced,0.928125,0.9860606192337206,1.0,1.0,0.0,0.0,1.0,,0.0,1.0
volcanoes-e3,./data/numerical_only/balanced,0.928125,0.9784657102029449,1.0,1.0,0.0,0.0,1.0,,0.0,1.0
volcanoes-e3,./data/numerical_only/balanced,0.928125,0.942933334626314,1.0,1.0,0.0,0.0,1.0,,0.0,1.0
volcanoes-e3,./data/numerical_only/balanced,0.928125,0.9109246586188311,1.0,1.0,0.0,0.0,1.0,,0.0,1.0
volcanoes-e3,./data/numerical_only/balanced,0.928125,0.996760508029125,1.0,1.0,0.0,0.0,1.0,,0.0,1.0
volcanoes-e3,./data/numerical_only/balanced,0.928125,0.9609272963945851,1.0,1.0,0.0,0.0,1.0,,0.0,1.0
volcanoes-e3,./data/numerical_only/balanced,0.928125,0.7008682717063913,1.0,1.0,0.0,0.0,1.0,,0.0,1.0
volcanoes-e3,./data/numerical_only/balanced,0.928125,0.9924413933667449,1.0,1.0,0.0,0.0,1.0,,0.0,1.0
volcanoes-e3,./data/numerical_only/balanced,0.928125,0.988650268471517,1.0,1.0,0.0,0.0,1.0,,0.0,1.0
volcanoes-e3,./data/numerical_only/balanced,0.928125,0.6926546128025157,1.0,1.0,0.0,0.0,1.0,,0.0,1.0
volcanoes-e3,./data/numerical_only/balanced,0.928125,0.9785659588666973,1.0,1.0,0.0,0.0,1.0,,0.0,1.0
volcanoes-e3,./data/numerical_only/balanced,0.928125,0.9894488583005383,1.0,1.0,0.0,0.0,1.0,,0.0,1.0
volcanoes-e3,./data/numerical_only/balanced,0.928125,0.9665504927778233,1.0,1.0,0.0,0.0,1.0,,0.0,1.0
volcanoes-e3,./data/numerical_only/balanced,0.928125,0.9974495155293839,1.0,1.0,0.0,0.0,1.0,,0.0,1.0
volcanoes-e3,./data/numerical_only/balanced,0.928125,0.9979035005864242,1.0,1.0,0.0,0.0,1.0,,0.0,1.0
volcanoes-e3,./data/numerical_only/balanced,0.928125,0.9971369289450085,1.0,1.0,0.0,0.0,1.0,,0.0,1.0
volcanoes-e3,./data/numerical_only/balanced,0.928125,0.9720584880904932,1.0,1.0,0.0,0.0,1.0,,0.0,1.0
volcanoes-e3,./data/numerical_only/balanced,0.928125,0.9917071805734757,1.0,1.0,0.0,0.0,1.0,,0.0,1.0
volcanoes-e3,./data/numerical_only/balanced,0.928125,0.9834973665150928,1.0,1.0,0.0,0.0,1.0,,0.0,1.0
volcanoes-e3,./data/numerical_only/balanced,0.928125,0.9817208222843224,1.0,1.0,0.0,0.0,1.0,,0.0,1.0
volcanoes-e3,./data/numerical_only/balanced,0.928125,0.6505043765099171,1.0,1.0,0.0,0.0,1.0,,1.0,1.0
volcanoes-e3,./data/numerical_only/balanced,0.928125,0.9808470475274607,1.0,1.0,0.0,0.0,1.0,,0.0,1.0
volcanoes-e3,./data/numerical_only/balanced,0.928125,0.9852917539284601,1.0,1.0,0.0,0.0,1.0,,0.0,1.0
volcanoes-e3,./data/numerical_only/balanced,0.928125,0.9984927079265107,1.0,1.0,0.0,0.0,1.0,,0.0,1.0
volcanoes-e3,./data/numerical_only/balanced,0.928125,0.935989122976603,1.0,1.0,0.0,0.0,1.0,,0.0,1.0
volcanoes-e3,./data/numerical_only/balanced,0.928125,0.9952147137670201,1.0,1.0,0.0,0.0,1.0,,0.0,1.0
volcanoes-e3,./data/numerical_only/balanced,0.928125,0.8823426308571909,1.0,1.0,0.0,0.0,1.0,,0.0,1.0
volcanoes-e3,./data/numerical_only/balanced,0.928125,0.9602446976653152,1.0,1.0,0.0,0.0,1.0,,0.0,1.0
volcanoes-e4,./data/numerical_only/balanced,0.9361022364217252,0.9213918746350741,1.0,1.0,0.0,0.0,1.0,,0.0,1.0
volcanoes-e4,./data/numerical_only/balanced,0.9361022364217252,0.9850646082158113,1.0,1.0,0.0,0.0,1.0,,0.0,1.0
volcanoes-e4,./data/numerical_only/balanced,0.9361022364217252,0.6676932084718331,1.0,1.0,0.0,0.0,1.0,,0.0,1.0
volcanoes-e4,./data/numerical_only/balanced,0.9361022364217252,0.993917150021665,1.0,1.0,0.0,0.0,1.0,,1.0,1.0
volcanoes-e4,./data/numerical_only/balanced,0.9361022364217252,0.566106874257439,1.0,1.0,0.0,0.0,1.0,,0.0,1.0
volcanoes-e4,./data/numerical_only/balanced,0.9361022364217252,0.9991941054957978,1.0,1.0,0.0,0.0,1.0,,0.0,1.0
volcanoes-e4,./data/numerical_only/balanced,0.9361022364217252,0.5692211647161041,1.0,1.0,0.0,0.0,1.0,,1.0,1.0
volcanoes-e4,./data/numerical_only/balanced,0.9361022364217252,0.9956645645353861,1.0,1.0,0.0,0.0,1.0,,1.0,1.0
volcanoes-e4,./data/numerical_only/balanced,0.9361022364217252,0.9060573822311693,1.0,1.0,0.0,0.0,1.0,,0.0,1.0
volcanoes-e4,./data/numerical_only/balanced,0.9361022364217252,0.9966236792729852,1.0,1.0,0.0,0.0,1.0,,0.0,1.0
volcanoes-e4,./data/numerical_only/balanced,0.9361022364217252,0.8701146468161274,1.0,1.0,0.0,0.0,1.0,,0.0,1.0
volcanoes-e4,./data/numerical_only/balanced,0.9361022364217252,0.9965092232545921,1.0,1.0,0.0,0.0,1.0,,0.0,1.0
volcanoes-e4,./data/numerical_only/balanced,0.9361022364217252,0.9497358510240672,1.0,1.0,0.0,0.0,1.0,,0.0,1.0
volcanoes-e4,./data/numerical_only/balanced,0.9361022364217252,0.9845615505474619,1.0,1.0,0.0,0.0,1.0,,0.0,1.0
volcanoes-e4,./data/numerical_only/balanced,0.9361022364217252,0.9937130792719494,1.0,1.0,0.0,0.0,1.0,,0.0,1.0
volcanoes-e4,./data/numerical_only/balanced,0.9361022364217252,0.9172631303991166,1.0,1.0,0.0,0.0,1.0,,1.0,1.0
volcanoes-e4,./data/numerical_only/balanced,0.9361022364217252,0.9931365592971727,1.0,1.0,0.0,0.0,1.0,,0.0,1.0
volcanoes-e4,./data/numerical_only/balanced,0.9361022364217252,0.9918634967386007,1.0,1.0,0.0,0.0,1.0,,0.0,1.0
volcanoes-e4,./data/numerical_only/balanced,0.9361022364217252,0.8858519468641581,1.0,1.0,0.0,0.0,1.0,,0.0,1.0
volcanoes-e4,./data/numerical_only/balanced,0.9361022364217252,0.985347849090202,1.0,1.0,0.0,0.0,1.0,,0.0,1.0
volcanoes-e4,./data/numerical_only/balanced,0.9361022364217252,0.48705137856712755,1.0,1.0,0.0,0.0,1.0,,1.0,1.0
volcanoes-e4,./data/numerical_only/balanced,0.9361022364217252,0.9933022067985798,1.0,1.0,0.0,0.0,1.0,,0.0,1.0
volcanoes-e4,./data/numerical_only/balanced,0.9361022364217252,0.9912080056674324,1.0,1.0,0.0,0.0,1.0,,0.0,1.0
volcanoes-e4,./data/numerical_only/balanced,0.9361022364217252,0.9657188309832275,1.0,1.0,0.0,0.0,1.0,,0.0,1.0
volcanoes-e4,./data/numerical_only/balanced,0.9361022364217252,0.99900503782408,1.0,1.0,0.0,0.0,1.0,,0.0,1.0
volcanoes-e4,./data/numerical_only/balanced,0.9361022364217252,0.9184612033822199,1.0,1.0,0.0,0.0,1.0,,0.0,1.0
volcanoes-e4,./data/numerical_only/balanced,0.9361022364217252,0.7434678332258178,1.0,1.0,0.0,0.0,1.0,,0.0,1.0
volcanoes-e4,./data/numerical_only/balanced,0.9361022364217252,0.952428138474063,1.0,1.0,0.0,0.0,1.0,,1.0,1.0
volcanoes-e4,./data/numerical_only/balanced,0.9361022364217252,0.9838566218255963,1.0,1.0,0.0,0.0,1.0,,0.0,1.0
volcanoes-e4,./data/numerical_only/balanced,0.9361022364217252,0.9584291011469602,1.0,1.0,0.0,0.0,1.0,,0.0,1.0
volcanoes-e4,./data/numerical_only/balanced,0.9361022364217252,0.9955321708201987,1.0,1.0,0.0,0.0,1.0,,0.0,1.0
volcanoes-e4,./data/numerical_only/balanced,0.9361022364217252,0.9652747694570751,1.0,1.0,0.0,0.0,1.0,,0.0,1.0
volcanoes-e4,./data/numerical_only/balanced,0.9361022364217252,0.996595925698731,1.0,1.0,0.0,0.0,1.0,,0.0,1.0
volcanoes-e4,./data/numerical_only/balanced,0.9361022364217252,0.9988283580725038,1.0,1.0,0.0,0.0,1.0,,0.0,1.0
volcanoes-e4,./data/numerical_only/balanced,0.9361022364217252,0.9960179028849786,1.0,1.0,0.0,0.0,1.0,,0.0,1.0
volcanoes-e4,./data/numerical_only/balanced,0.9361022364217252,0.8103644319946957,1.0,1.0,0.0,0.0,1.0,,0.0,1.0
volcanoes-e4,./data/numerical_only/balanced,0.9361022364217252,0.9060107153821366,1.0,1.0,0.0,0.0,1.0,,0.0,1.0
volcanoes-e4,./data/numerical_only/balanced,0.9361022364217252,0.9900034904449644,1.0,1.0,0.0,0.0,1.0,,0.0,1.0
volcanoes-e4,./data/numerical_only/balanced,0.9361022364217252,0.9929746995285944,1.0,1.0,0.0,0.0,1.0,,0.0,1.0
volcanoes-e4,./data/numerical_only/balanced,0.9361022364217252,0.9489901195305599,1.0,1.0,0.0,0.0,1.0,,0.0,1.0
volcanoes-e4,./data/numerical_only/balanced,0.9361022364217252,0.9985647068885457,1.0,1.0,0.0,0.0,1.0,,0.0,1.0
volcanoes-e4,./data/numerical_only/balanced,0.9361022364217252,0.9882989170677413,1.0,1.0,0.0,0.0,1.0,,0.0,1.0
volcanoes-e4,./data/numerical_only/balanced,0.9361022364217252,0.9336294875686891,1.0,1.0,0.0,0.0,1.0,,0.0,1.0
volcanoes-e4,./data/numerical_only/balanced,0.9361022364217252,0.9974709489549569,1.0,1.0,0.0,0.0,1.0,,0.0,1.0
volcanoes-e4,./data/numerical_only/balanced,0.9361022364217252,0.9935795229212605,1.0,1.0,0.0,0.0,1.0,,0.0,1.0
volcanoes-e4,./data/numerical_only/balanced,0.9361022364217252,0.4313810586245547,1.0,1.0,0.0,0.0,1.0,,0.0,1.0
volcanoes-e4,./data/numerical_only/balanced,0.9361022364217252,0.9872539391495007,1.0,1.0,0.0,0.0,1.0,,0.0,1.0
volcanoes-e4,./data/numerical_only/balanced,0.9361022364217252,0.9948321032755952,1.0,1.0,0.0,0.0,1.0,,0.0,1.0
volcanoes-e4,./data/numerical_only/balanced,0.9361022364217252,0.9968467461283648,1.0,1.0,0.0,0.0,1.0,,0.0,1.0
volcanoes-e4,./data/numerical_only/balanced,0.9361022364217252,0.9947360766270489,1.0,1.0,0.0,0.0,1.0,,0.0,1.0
volcanoes-e5,./data/numerical_only/balanced,0.9064748201438849,0.9172706672158454,1.0,1.0,0.0,0.0,1.0,,0.0,1.0
volcanoes-e5,./data/numerical_only/balanced,0.9064748201438849,0.9769163868647336,1.0,1.0,0.0,0.0,1.0,,0.0,1.0
volcanoes-e5,./data/numerical_only/balanced,0.9064748201438849,0.976797595697048,1.0,1.0,0.0,0.0,1.0,,0.0,1.0
volcanoes-e5,./data/numerical_only/balanced,0.9064748201438849,0.9338298120682305,1.0,1.0,0.0,0.0,1.0,,0.0,1.0
volcanoes-e5,./data/numerical_only/balanced,0.9064748201438849,0.9756651785870419,1.0,1.0,0.0,0.0,1.0,,0.0,1.0
volcanoes-e5,./data/numerical_only/balanced,0.9064748201438849,0.94636981537788,1.0,1.0,0.0,0.0,1.0,,1.0,1.0
volcanoes-e5,./data/numerical_only/balanced,0.9064748201438849,0.7548963483751238,1.0,1.0,0.0,0.0,1.0,,1.0,1.0
volcanoes-e5,./data/numerical_only/balanced,0.9064748201438849,0.9815840386058423,1.0,1.0,0.0,0.0,1.0,,0.0,1.0
volcanoes-e5,./data/numerical_only/balanced,0.9064748201438849,0.9540633097305001,1.0,1.0,0.0,0.0,1.0,,0.0,1.0
volcanoes-e5,./data/numerical_only/balanced,0.9064748201438849,0.9903486083410029,1.0,1.0,0.0,0.0,1.0,,0.0,1.0
volcanoes-e5,./data/numerical_only/balanced,0.9064748201438849,0.9756891959460542,1.0,1.0,0.0,0.0,1.0,,0.0,1.0
volcanoes-e5,./data/numerical_only/balanced,0.9064748201438849,0.5179433541180299,1.0,1.0,0.0,0.0,1.0,,1.0,1.0
volcanoes-e5,./data/numerical_only/balanced,0.9064748201438849,0.969108439163899,1.0,1.0,0.0,0.0,1.0,,0.0,1.0
volcanoes-e5,./data/numerical_only/balanced,0.9064748201438849,0.9907614805035785,1.0,1.0,0.0,0.0,1.0,,0.0,1.0
volcanoes-e5,./data/numerical_only/balanced,0.9064748201438849,0.8717887641648556,1.0,1.0,0.0,0.0,1.0,,0.0,1.0
volcanoes-e5,./data/numerical_only/balanced,0.9064748201438849,0.988748180011593,1.0,1.0,0.0,0.0,1.0,,0.0,1.0
volcanoes-e5,./data/numerical_only/balanced,0.9064748201438849,0.9776852499893554,1.0,1.0,0.0,0.0,1.0,,0.0,1.0
volcanoes-e5,./data/numerical_only/balanced,0.9064748201438849,0.7464281676153791,1.0,1.0,0.0,0.0,1.0,,1.0,1.0
volcanoes-e5,./data/numerical_only/balanced,0.9064748201438849,0.9884437614485935,1.0,1.0,0.0,0.0,1.0,,0.0,1.0
volcanoes-e5,./data/numerical_only/balanced,0.9064748201438849,0.9615844259350947,1.0,1.0,0.0,0.0,1.0,,0.0,1.0
volcanoes-e5,./data/numerical_only/balanced,0.9064748201438849,0.9587896768267864,1.0,1.0,0.0,0.0,1.0,,0.0,1.0
volcanoes-e5,./data/numerical_only/balanced,0.9064748201438849,0.9909147477262213,1.0,1.0,0.0,0.0,1.0,,0.0,1.0
volcanoes-e5,./data/numerical_only/balanced,0.9064748201438849,0.9491942549694934,1.0,1.0,0.0,0.0,1.0,,0.0,1.0
volcanoes-e5,./data/numerical_only/balanced,0.9064748201438849,0.9962091625244262,1.0,1.0,0.0,0.0,1.0,,0.0,1.0
volcanoes-e5,./data/numerical_only/balanced,0.9064748201438849,0.9766684035135488,1.0,1.0,0.0,0.0,1.0,,0.0,1.0
volcanoes-e5,./data/numerical_only/balanced,0.9064748201438849,0.9896360162900463,1.0,1.0,0.0,0.0,1.0,,0.0,1.0
volcanoes-e5,./data/numerical_only/balanced,0.9064748201438849,0.9953675031195764,1.0,1.0,0.0,0.0,1.0,,0.0,1.0
volcanoes-e5,./data/numerical_only/balanced,0.9064748201438849,0.9831825018081574,1.0,1.0,0.0,0.0,1.0,,0.0,1.0
volcanoes-e5,./data/numerical_only/balanced,0.9064748201438849,0.9784647597860244,1.0,1.0,0.0,0.0,1.0,,0.0,1.0
volcanoes-e5,./data/numerical_only/balanced,0.9064748201438849,0.9459492328915113,1.0,1.0,0.0,0.0,1.0,,0.0,1.0
volcanoes-e5,./data/numerical_only/balanced,0.9064748201438849,0.9057679800851737,1.0,1.0,0.0,0.0,1.0,,0.0,1.0
volcanoes-e5,./data/numerical_only/balanced,0.9064748201438849,0.9876142170935008,1.0,1.0,0.0,0.0,1.0,,0.0,1.0
volcanoes-e5,./data/numerical_only/balanced,0.9064748201438849,0.9831582992244774,1.0,1.0,0.0,0.0,1.0,,0.0,1.0
volcanoes-e5,./data/numerical_only/balanced,0.9064748201438849,0.5754090937716619,1.0,1.0,0.0,0.0,1.0,,1.0,1.0
volcanoes-e5,./data/numerical_only/balanced,0.9064748201438849,0.9627493197863525,1.0,1.0,0.0,0.0,1.0,,0.0,1.0
volcanoes-e5,./data/numerical_only/balanced,0.9064748201438849,0.9487112377352112,1.0,1.0,0.0,0.0,1.0,,1.0,1.0
volcanoes-e5,./data/numerical_only/balanced,0.9064748201438849,0.8331056651665759,1.0,1.0,0.0,0.0,1.0,,0.0,1.0
volcanoes-e5,./data/numerical_only/balanced,0.9064748201438849,0.7620694800148108,1.0,1.0,0.0,0.0,1.0,,0.0,1.0
volcanoes-e5,./data/numerical_only/balanced,0.9064748201438849,0.835637707341483,1.0,1.0,0.0,0.0,1.0,,1.0,1.0
volcanoes-e5,./data/numerical_only/balanced,0.9064748201438849,0.8834811405493884,1.0,1.0,0.0,0.0,1.0,,0.0,1.0
volcanoes-e5,./data/numerical_only/balanced,0.9064748201438849,0.9946592992533241,1.0,1.0,0.0,0.0,1.0,,0.0,1.0
volcanoes-e5,./data/numerical_only/balanced,0.9064748201438849,0.9296404632032821,1.0,1.0,0.0,0.0,1.0,,0.0,1.0
volcanoes-e5,./data/numerical_only/balanced,0.9064748201438849,0.9947746955714175,1.0,1.0,0.0,0.0,1.0,,0.0,1.0
volcanoes-e5,./data/numerical_only/balanced,0.9064748201438849,0.9818437722414503,1.0,1.0,0.0,0.0,1.0,,0.0,1.0
volcanoes-e5,./data/numerical_only/balanced,0.9064748201438849,0.9902636808462623,1.0,1.0,0.0,0.0,1.0,,0.0,1.0
volcanoes-e5,./data/numerical_only/balanced,0.9064748201438849,0.9969214129633074,1.0,1.0,0.0,0.0,1.0,,0.0,1.0
wine-quality-red,./data/numerical_only/balanced,0.6075,0.56908345003766,0.0,0.0,0.0,0.0,1.0,1.0,1.0,1.0
wine-quality-red,./data/numerical_only/balanced,0.6075,0.7295304206510327,1.0,1.0,0.0,0.0,1.0,1.0,1.0,1.0
wine-quality-red,./data/numerical_only/balanced,0.6075,0.8069320470467226,1.0,1.0,0.0,0.0,1.0,1.0,1.0,1.0
wine-quality-red,./data/numerical_only/balanced,0.6075,0.44519368923554725,1.0,1.0,0.0,0.0,1.0,1.0,1.0,1.0
wine-quality-red,./data/numerical_only/balanced,0.6075,0.45061396335092274,1.0,1.0,0.0,0.0,1.0,1.0,1.0,1.0
wine-quality-red,./data/numerical_only/balanced,0.6075,0.7474994244135875,1.0,1.0,0.0,0.0,1.0,1.0,1.0,1.0
wine-quality-red,./data/numerical_only/balanced,0.6075,0.48249010245885704,1.0,1.0,0.0,0.0,1.0,1.0,1.0,1.0
wine-quality-red,./data/numerical_only/balanced,0.6075,0.7482128808583622,1.0,1.0,0.0,0.0,1.0,1.0,1.0,1.0
wine-quality-red,./data/numerical_only/balanced,0.6075,0.6258148308938263,1.0,1.0,0.0,0.0,1.0,1.0,1.0,1.0
wine-quality-red,./data/numerical_only/balanced,0.6075,0.4490881605920566,1.0,0.0,0.0,0.0,1.0,,1.0,1.0
wine-quality-red,./data/numerical_only/balanced,0.6075,0.6651942860716346,1.0,1.0,0.0,0.0,1.0,1.0,1.0,1.0
wine-quality-red,./data/numerical_only/balanced,0.6075,0.6445955237889609,0.0,0.0,0.0,0.0,1.0,1.0,1.0,0.0
wine-quality-red,./data/numerical_only/balanced,0.6075,0.7240048567031618,1.0,1.0,0.0,0.0,1.0,1.0,1.0,1.0
wine-quality-red,./data/numerical_only/balanced,0.6075,0.6784307033770162,1.0,1.0,0.0,0.0,1.0,1.0,1.0,1.0
wine-quality-red,./data/numerical_only/balanced,0.6075,0.8609876807629754,1.0,1.0,0.0,0.0,1.0,1.0,1.0,1.0
wine-quality-red,./data/numerical_only/balanced,0.6075,0.5081383381743257,1.0,1.0,0.0,0.0,1.0,1.0,1.0,1.0
wine-quality-red,./data/numerical_only/balanced,0.6075,0.5734920330766757,0.0,0.0,0.0,0.0,1.0,1.0,1.0,1.0
wine-quality-red,./data/numerical_only/balanced,0.6075,0.6428132947239067,1.0,1.0,0.0,0.0,1.0,1.0,1.0,1.0
wine-quality-red,./data/numerical_only/balanced,0.6075,0.7923977770139315,1.0,1.0,0.0,0.0,1.0,1.0,1.0,1.0
wine-quality-red,./data/numerical_only/balanced,0.6075,0.35691295763258973,1.0,1.0,0.0,0.0,1.0,1.0,1.0,1.0
wine-quality-red,./data/numerical_only/balanced,0.6075,0.533783696916251,1.0,1.0,0.0,0.0,1.0,1.0,1.0,0.0
wine-quality-red,./data/numerical_only/balanced,0.6075,0.5127463240507227,1.0,1.0,0.0,0.0,1.0,1.0,1.0,1.0
wine-quality-red,./data/numerical_only/balanced,0.6075,0.4705546364347788,1.0,0.0,0.0,0.0,1.0,1.0,1.0,1.0
wine-quality-red,./data/numerical_only/balanced,0.6075,0.6962177403033077,1.0,1.0,0.0,0.0,1.0,1.0,1.0,1.0
wine-quality-red,./data/numerical_only/balanced,0.6075,0.5308954771323803,1.0,1.0,0.0,0.0,1.0,1.0,1.0,1.0
wine-quality-red,./data/numerical_only/balanced,0.6075,0.6328040272476755,0.0,1.0,0.0,0.0,1.0,1.0,1.0,1.0
wine-quality-red,./data/numerical_only/balanced,0.6075,0.4297421321019815,1.0,1.0,0.0,0.0,1.0,1.0,1.0,1.0
wine-quality-red,./data/numerical_only/balanced,0.6075,0.7878944015843963,1.0,1.0,0.0,0.0,1.0,1.0,1.0,1.0
wine-quality-red,./data/numerical_only/balanced,0.6075,0.6843995886829428,1.0,1.0,0.0,0.0,1.0,1.0,1.0,0.0
wine-quality-red,./data/numerical_only/balanced,0.6075,0.645543112575183,1.0,1.0,0.0,0.0,1.0,1.0,1.0,1.0
wine-quality-red,./data/numerical_only/balanced,0.6075,0.7114845697944341,1.0,1.0,0.0,0.0,1.0,1.0,1.0,1.0
wine-quality-red,./data/numerical_only/balanced,0.6075,0.7914621213398199,0.0,1.0,0.0,0.0,1.0,,1.0,1.0
wine-quality-red,./data/numerical_only/balanced,0.6075,0.5328692605717632,1.0,1.0,0.0,0.0,1.0,1.0,1.0,1.0
wine-quality-red,./data/numerical_only/balanced,0.6075,0.6842916174570788,1.0,0.0,0.0,0.0,1.0,1.0,1.0,1.0
wine-quality-red,./data/numerical_only/balanced,0.6075,0.577397227506705,1.0,1.0,0.0,0.0,1.0,1.0,1.0,1.0
wine-quality-red,./data/numerical_only/balanced,0.6075,0.6584076160372723,1.0,1.0,0.0,0.0,1.0,1.0,1.0,1.0
wine-quality-red,./data/numerical_only/balanced,0.6075,0.9883058473645575,1.0,1.0,0.0,0.0,1.0,1.0,1.0,1.0
wine-quality-red,./data/numerical_only/balanced,0.6075,0.3974057927556222,0.0,0.0,0.0,0.0,1.0,1.0,1.0,1.0
wine-quality-red,./data/numerical_only/balanced,0.6075,0.6193632028508776,1.0,1.0,0.0,0.0,1.0,1.0,1.0,1.0
wine-quality-red,./data/numerical_only/balanced,0.6075,0.7013691094501903,1.0,1.0,0.0,0.0,1.0,1.0,1.0,1.0
wine-quality-red,./data/numerical_only/balanced,0.6075,0.560136985279269,1.0,1.0,0.0,0.0,1.0,1.0,1.0,1.0
wine-quality-red,./data/numerical_only/balanced,0.6075,0.7869887160413652,1.0,1.0,0.0,0.0,1.0,1.0,1.0,1.0
wine-quality-red,./data/numerical_only/balanced,0.6075,0.6603196428234294,0.0,1.0,0.0,0.0,1.0,1.0,1.0,1.0
wine-quality-red,./data/numerical_only/balanced,0.6075,0.62717920363034,1.0,1.0,0.0,0.0,1.0,1.0,1.0,1.0
wine-quality-red,./data/numerical_only/balanced,0.6075,0.5176308831997242,1.0,1.0,0.0,0.0,1.0,1.0,1.0,1.0
wine-quality-red,./data/numerical_only/balanced,0.6075,0.4839964589537903,0.0,1.0,0.0,0.0,1.0,1.0,1.0,1.0
wine-quality-red,./data/numerical_only/balanced,0.6075,0.6330132158878391,1.0,1.0,0.0,0.0,1.0,1.0,1.0,1.0
wine-quality-red,./data/numerical_only/balanced,0.6075,0.6504967192910046,0.0,1.0,0.0,0.0,1.0,1.0,1.0,1.0
wine-quality-red,./data/numerical_only/balanced,0.6075,0.67273377285735,1.0,1.0,0.0,0.0,1.0,,1.0,1.0
wine-quality-red,./data/numerical_only/balanced,0.6075,0.5315086100783443,0.0,1.0,0.0,0.0,1.0,,1.0,1.0
maternal,./data/numerical_only/balanced,0.6811023622047244,0.8664684705562242,1.0,1.0,0.0,0.0,1.0,1.0,1.0,0.0
maternal,./data/numerical_only/balanced,0.6811023622047244,0.5343464283231741,0.0,1.0,0.0,0.0,1.0,1.0,1.0,0.0
maternal,./data/numerical_only/balanced,0.6811023622047244,0.5696650215722728,1.0,1.0,0.0,0.0,1.0,1.0,1.0,0.0
maternal,./data/numerical_only/balanced,0.6811023622047244,0.7771879237616257,1.0,1.0,0.0,0.0,1.0,1.0,1.0,0.0
maternal,./data/numerical_only/balanced,0.6811023622047244,0.9479264199967886,1.0,1.0,0.0,0.0,1.0,1.0,1.0,1.0
maternal,./data/numerical_only/balanced,0.6811023622047244,0.8554050313381887,1.0,1.0,0.0,0.0,1.0,1.0,1.0,0.0
maternal,./data/numerical_only/balanced,0.6811023622047244,0.7644945179405878,1.0,1.0,0.0,0.0,1.0,1.0,1.0,0.0
maternal,./data/numerical_only/balanced,0.6811023622047244,0.7672331978907292,1.0,1.0,0.0,0.0,1.0,1.0,1.0,0.0
maternal,./data/numerical_only/balanced,0.6811023622047244,0.5378217188511432,1.0,1.0,0.0,0.0,1.0,1.0,1.0,1.0
maternal,./data/numerical_only/balanced,0.6811023622047244,0.707372006554992,1.0,1.0,0.0,0.0,1.0,1.0,1.0,1.0
maternal,./data/numerical_only/balanced,0.6811023622047244,0.8465644558183201,1.0,1.0,0.0,0.0,1.0,1.0,1.0,0.0
maternal,./data/numerical_only/balanced,0.6811023622047244,0.7646218231642669,1.0,1.0,0.0,0.0,1.0,1.0,1.0,1.0
maternal,./data/numerical_only/balanced,0.6811023622047244,0.9934793892000072,1.0,1.0,0.0,0.0,1.0,1.0,1.0,1.0
maternal,./data/numerical_only/balanced,0.6811023622047244,0.5511127926246858,1.0,1.0,0.0,0.0,1.0,1.0,1.0,0.0
maternal,./data/numerical_only/balanced,0.6811023622047244,0.9479264199967886,1.0,1.0,0.0,0.0,1.0,1.0,1.0,1.0
maternal,./data/numerical_only/balanced,0.6811023622047244,0.5735630374594556,0.0,1.0,0.0,0.0,1.0,1.0,1.0,1.0
maternal,./data/numerical_only/balanced,0.6811023622047244,0.9444307559596802,1.0,1.0,0.0,0.0,1.0,1.0,1.0,0.0
maternal,./data/numerical_only/balanced,0.6811023622047244,0.7953923609868352,1.0,1.0,0.0,0.0,1.0,1.0,1.0,0.0
maternal,./data/numerical_only/balanced,0.6811023622047244,0.5308551493573281,1.0,0.0,0.0,0.0,1.0,1.0,1.0,0.0
maternal,./data/numerical_only/balanced,0.6811023622047244,0.5955730538841476,0.0,0.0,0.0,0.0,1.0,1.0,1.0,1.0
maternal,./data/numerical_only/balanced,0.6811023622047244,0.5597334896905496,1.0,1.0,0.0,0.0,1.0,1.0,1.0,0.0
maternal,./data/numerical_only/balanced,0.6811023622047244,0.7982335922770772,1.0,1.0,0.0,0.0,1.0,1.0,1.0,0.0
maternal,./data/numerical_only/balanced,0.6811023622047244,0.4384839522138894,1.0,1.0,0.0,0.0,1.0,1.0,1.0,1.0
maternal,./data/numerical_only/balanced,0.6811023622047244,0.5803357134055326,1.0,1.0,0.0,0.0,1.0,1.0,1.0,0.0
maternal,./data/numerical_only/balanced,0.6811023622047244,0.6130784800412844,1.0,1.0,0.0,0.0,1.0,1.0,1.0,0.0
maternal,./data/numerical_only/balanced,0.6811023622047244,0.6075033439233519,1.0,1.0,0.0,0.0,1.0,1.0,1.0,0.0
maternal,./data/numerical_only/balanced,0.6811023622047244,0.7058557313036997,1.0,0.0,0.0,0.0,1.0,1.0,1.0,1.0
maternal,./data/numerical_only/balanced,0.6811023622047244,0.8793967678991493,1.0,1.0,0.0,0.0,1.0,1.0,1.0,0.0
maternal,./data/numerical_only/balanced,0.6811023622047244,0.943245955977199,1.0,1.0,0.0,0.0,1.0,1.0,1.0,1.0
maternal,./data/numerical_only/balanced,0.6811023622047244,0.6819374928412688,1.0,1.0,0.0,0.0,1.0,1.0,1.0,0.0
maternal,./data/numerical_only/balanced,0.6811023622047244,0.9479264199967886,1.0,1.0,0.0,0.0,1.0,1.0,1.0,1.0
maternal,./data/numerical_only/balanced,0.6811023622047244,0.7091685175975125,1.0,1.0,0.0,0.0,1.0,1.0,1.0,0.0
maternal,./data/numerical_only/balanced,0.6811023622047244,0.7111655958816488,1.0,1.0,0.0,0.0,1.0,1.0,1.0,0.0
maternal,./data/numerical_only/balanced,0.6811023622047244,0.4782738812501148,1.0,1.0,0.0,0.0,1.0,1.0,1.0,0.0
maternal,./data/numerical_only/balanced,0.6811023622047244,0.720428010634846,1.0,1.0,0.0,0.0,1.0,1.0,1.0,1.0
maternal,./data/numerical_only/balanced,0.6811023622047244,0.6123070843486438,1.0,1.0,0.0,0.0,1.0,1.0,1.0,0.0
maternal,./data/numerical_only/balanced,0.6811023622047244,0.6274976943336217,1.0,1.0,0.0,0.0,1.0,1.0,1.0,0.0
maternal,./data/numerical_only/balanced,0.6811023622047244,0.863106613518902,1.0,1.0,0.0,0.0,1.0,1.0,1.0,0.0
maternal,./data/numerical_only/balanced,0.6811023622047244,0.720428010634846,1.0,1.0,0.0,0.0,1.0,1.0,1.0,1.0
maternal,./data/numerical_only/balanced,0.6811023622047244,0.5511127926246858,1.0,1.0,0.0,0.0,1.0,1.0,1.0,0.0
maternal,./data/numerical_only/balanced,0.6811023622047244,0.812162121998361,1.0,1.0,0.0,0.0,1.0,1.0,1.0,0.0
maternal,./data/numerical_only/balanced,0.6811023622047244,0.8890256461070895,1.0,1.0,0.0,0.0,1.0,1.0,1.0,0.0
maternal,./data/numerical_only/balanced,0.6811023622047244,0.616758187948619,1.0,1.0,0.0,0.0,1.0,1.0,1.0,0.0
maternal,./data/numerical_only/balanced,0.6811023622047244,0.7643715375653034,1.0,1.0,0.0,0.0,1.0,1.0,1.0,0.0
maternal,./data/numerical_only/balanced,0.6811023622047244,0.7932153463971932,1.0,1.0,0.0,0.0,1.0,1.0,1.0,1.0
maternal,./data/numerical_only/balanced,0.6811023622047244,0.6881598411822075,1.0,1.0,0.0,0.0,1.0,1.0,1.0,1.0
maternal,./data/numerical_only/balanced,0.6811023622047244,0.9879912835918402,1.0,1.0,0.0,0.0,1.0,1.0,1.0,1.0
maternal,./data/numerical_only/balanced,0.6811023622047244,0.5199117922475464,1.0,1.0,0.0,0.0,1.0,1.0,1.0,0.0
maternal,./data/numerical_only/balanced,0.6811023622047244,0.6123070843486438,1.0,1.0,0.0,0.0,1.0,1.0,1.0,1.0
maternal,./data/numerical_only/balanced,0.6811023622047244,0.6023400393158425,0.0,1.0,0.0,0.0,1.0,1.0,1.0,0.0
