dataset,num_and_cat,model_score,instance_certainty_clf,dtree_elen,ablation_lux_elen,pure_lux_elen,proba_lux_elen,shap_lux_elen,explan_elen,lore_elen,anchor_elen
yeast,./data/numerical_only/balanced,0.601078167115903,0.51,5.0,3.0,0.0,0.0,4.0,,3.0,5.0
yeast,./data/numerical_only/balanced,0.601078167115903,0.79,6.0,3.0,0.0,0.0,5.0,,4.0,5.0
yeast,./data/numerical_only/balanced,0.601078167115903,0.57,6.0,5.0,0.0,0.0,3.0,,5.0,2.0
yeast,./data/numerical_only/balanced,0.601078167115903,0.76,3.0,3.0,0.0,0.0,2.0,,3.0,8.0
yeast,./data/numerical_only/balanced,0.601078167115903,0.78,6.0,2.0,0.0,0.0,3.0,,4.0,6.0
yeast,./data/numerical_only/balanced,0.601078167115903,0.44,6.0,4.0,0.0,0.0,2.0,,5.0,8.0
yeast,./data/numerical_only/balanced,0.601078167115903,0.71,6.0,2.0,0.0,0.0,3.0,,4.0,4.0
yeast,./data/numerical_only/balanced,0.601078167115903,0.55,4.0,3.0,0.0,0.0,6.0,,5.0,7.0
yeast,./data/numerical_only/balanced,0.601078167115903,0.46,6.0,5.0,0.0,0.0,6.0,,6.0,4.0
yeast,./data/numerical_only/balanced,0.601078167115903,0.75,6.0,2.0,0.0,0.0,3.0,,5.0,7.0
yeast,./data/numerical_only/balanced,0.601078167115903,0.81,6.0,2.0,0.0,0.0,4.0,,2.0,8.0
yeast,./data/numerical_only/balanced,0.601078167115903,0.79,6.0,4.0,0.0,0.0,4.0,,3.0,6.0
yeast,./data/numerical_only/balanced,0.601078167115903,0.61,6.0,3.0,0.0,0.0,5.0,,3.0,3.0
yeast,./data/numerical_only/balanced,0.601078167115903,0.55,6.0,3.0,0.0,0.0,3.0,,5.0,8.0
yeast,./data/numerical_only/balanced,0.601078167115903,0.77,3.0,2.0,0.0,0.0,2.0,,3.0,8.0
yeast,./data/numerical_only/balanced,0.601078167115903,0.46,5.0,2.0,0.0,0.0,4.0,,4.0,2.0
yeast,./data/numerical_only/balanced,0.601078167115903,0.52,5.0,4.0,0.0,0.0,0.0,,4.0,3.0
yeast,./data/numerical_only/balanced,0.601078167115903,0.73,5.0,5.0,0.0,0.0,4.0,,3.0,8.0
yeast,./data/numerical_only/balanced,0.601078167115903,0.67,4.0,3.0,0.0,0.0,4.0,,3.0,8.0
yeast,./data/numerical_only/balanced,0.601078167115903,0.65,6.0,4.0,0.0,0.0,3.0,,4.0,5.0
yeast,./data/numerical_only/balanced,0.601078167115903,0.76,6.0,3.0,0.0,0.0,3.0,,3.0,8.0
yeast,./data/numerical_only/balanced,0.601078167115903,0.64,6.0,4.0,0.0,0.0,4.0,,4.0,2.0
yeast,./data/numerical_only/balanced,0.601078167115903,0.81,6.0,3.0,0.0,0.0,4.0,,4.0,6.0
yeast,./data/numerical_only/balanced,0.601078167115903,0.48,6.0,6.0,0.0,0.0,0.0,,6.0,6.0
yeast,./data/numerical_only/balanced,0.601078167115903,0.55,5.0,3.0,0.0,0.0,4.0,,4.0,8.0
yeast,./data/numerical_only/balanced,0.601078167115903,0.48,5.0,4.0,0.0,0.0,4.0,,5.0,8.0
yeast,./data/numerical_only/balanced,0.601078167115903,0.45,5.0,4.0,0.0,0.0,5.0,,6.0,3.0
yeast,./data/numerical_only/balanced,0.601078167115903,0.63,5.0,4.0,0.0,0.0,4.0,,3.0,3.0
yeast,./data/numerical_only/balanced,0.601078167115903,0.86,5.0,4.0,0.0,0.0,4.0,,6.0,6.0
yeast,./data/numerical_only/balanced,0.601078167115903,0.65,6.0,5.0,0.0,0.0,0.0,,5.0,6.0
yeast,./data/numerical_only/balanced,0.601078167115903,0.49,6.0,4.0,0.0,0.0,5.0,,5.0,5.0
yeast,./data/numerical_only/balanced,0.601078167115903,0.75,4.0,2.0,0.0,0.0,3.0,,3.0,2.0
yeast,./data/numerical_only/balanced,0.601078167115903,0.36,6.0,5.0,0.0,0.0,6.0,,5.0,6.0
yeast,./data/numerical_only/balanced,0.601078167115903,0.38,6.0,3.0,0.0,0.0,6.0,,5.0,3.0
yeast,./data/numerical_only/balanced,0.601078167115903,0.61,5.0,2.0,0.0,0.0,3.0,,3.0,3.0
yeast,./data/numerical_only/balanced,0.601078167115903,0.42,6.0,5.0,0.0,0.0,4.0,,5.0,4.0
yeast,./data/numerical_only/balanced,0.601078167115903,0.52,5.0,3.0,0.0,0.0,5.0,,5.0,8.0
yeast,./data/numerical_only/balanced,0.601078167115903,0.88,4.0,4.0,0.0,0.0,3.0,,3.0,8.0
yeast,./data/numerical_only/balanced,0.601078167115903,0.78,5.0,3.0,0.0,0.0,3.0,,5.0,3.0
yeast,./data/numerical_only/balanced,0.601078167115903,0.36,5.0,2.0,0.0,0.0,4.0,,5.0,8.0
yeast,./data/numerical_only/balanced,0.601078167115903,0.66,6.0,5.0,0.0,0.0,4.0,,4.0,3.0
yeast,./data/numerical_only/balanced,0.601078167115903,0.55,6.0,5.0,0.0,0.0,5.0,,4.0,5.0
yeast,./data/numerical_only/balanced,0.601078167115903,0.35,6.0,3.0,0.0,0.0,4.0,,5.0,3.0
yeast,./data/numerical_only/balanced,0.601078167115903,0.52,6.0,2.0,0.0,0.0,4.0,,4.0,4.0
yeast,./data/numerical_only/balanced,0.601078167115903,0.72,5.0,2.0,0.0,0.0,4.0,,3.0,3.0
yeast,./data/numerical_only/balanced,0.601078167115903,0.6,6.0,3.0,0.0,0.0,3.0,,3.0,8.0
yeast,./data/numerical_only/balanced,0.601078167115903,0.45,5.0,2.0,0.0,0.0,5.0,,5.0,8.0
yeast,./data/numerical_only/balanced,0.601078167115903,0.5,6.0,3.0,0.0,0.0,5.0,,6.0,4.0
yeast,./data/numerical_only/balanced,0.601078167115903,0.77,6.0,3.0,0.0,0.0,3.0,,4.0,5.0
yeast,./data/numerical_only/balanced,0.601078167115903,0.85,6.0,3.0,0.0,0.0,3.0,,2.0,8.0
yeast,./data/numerical_only/balanced,0.601078167115903,0.5,5.0,4.0,0.0,0.0,6.0,,4.0,6.0
yeast,./data/numerical_only/balanced,0.601078167115903,0.73,6.0,5.0,0.0,0.0,3.0,,3.0,3.0
yeast,./data/numerical_only/balanced,0.601078167115903,0.5,4.0,5.0,0.0,0.0,5.0,,5.0,6.0
yeast,./data/numerical_only/balanced,0.601078167115903,0.42,6.0,3.0,0.0,0.0,5.0,,4.0,5.0
yeast,./data/numerical_only/balanced,0.601078167115903,0.76,5.0,4.0,0.0,0.0,5.0,,6.0,4.0
yeast,./data/numerical_only/balanced,0.601078167115903,0.74,6.0,4.0,0.0,0.0,5.0,,5.0,6.0
yeast,./data/numerical_only/balanced,0.601078167115903,0.39,6.0,5.0,0.0,0.0,3.0,,5.0,5.0
yeast,./data/numerical_only/balanced,0.601078167115903,0.54,5.0,2.0,0.0,0.0,3.0,,4.0,6.0
yeast,./data/numerical_only/balanced,0.601078167115903,0.86,5.0,3.0,0.0,0.0,3.0,,2.0,4.0
yeast,./data/numerical_only/balanced,0.601078167115903,0.4,6.0,5.0,0.0,0.0,5.0,,6.0,4.0
yeast,./data/numerical_only/balanced,0.601078167115903,0.85,5.0,3.0,0.0,0.0,3.0,,3.0,8.0
yeast,./data/numerical_only/balanced,0.601078167115903,0.43,6.0,2.0,0.0,0.0,4.0,,5.0,6.0
yeast,./data/numerical_only/balanced,0.601078167115903,0.57,5.0,3.0,0.0,0.0,6.0,,6.0,8.0
yeast,./data/numerical_only/balanced,0.601078167115903,0.75,6.0,4.0,0.0,0.0,5.0,,4.0,8.0
yeast,./data/numerical_only/balanced,0.601078167115903,0.69,6.0,5.0,0.0,0.0,5.0,,5.0,5.0
yeast,./data/numerical_only/balanced,0.601078167115903,0.46,6.0,4.0,0.0,0.0,4.0,,5.0,4.0
yeast,./data/numerical_only/balanced,0.601078167115903,0.5,6.0,4.0,0.0,0.0,5.0,,5.0,8.0
yeast,./data/numerical_only/balanced,0.601078167115903,0.75,5.0,2.0,0.0,0.0,3.0,,4.0,3.0
yeast,./data/numerical_only/balanced,0.601078167115903,0.59,6.0,4.0,0.0,0.0,4.0,,5.0,3.0
yeast,./data/numerical_only/balanced,0.601078167115903,0.27,5.0,3.0,0.0,0.0,5.0,,5.0,3.0
yeast,./data/numerical_only/balanced,0.601078167115903,0.76,3.0,3.0,0.0,0.0,3.0,,2.0,8.0
yeast,./data/numerical_only/balanced,0.601078167115903,0.76,6.0,5.0,0.0,0.0,5.0,,4.0,5.0
yeast,./data/numerical_only/balanced,0.601078167115903,0.7,6.0,4.0,0.0,0.0,2.0,,2.0,7.0
yeast,./data/numerical_only/balanced,0.601078167115903,0.88,6.0,3.0,0.0,0.0,3.0,,5.0,5.0
yeast,./data/numerical_only/balanced,0.601078167115903,0.37,5.0,1.0,0.0,0.0,4.0,,5.0,8.0
yeast,./data/numerical_only/balanced,0.601078167115903,0.63,6.0,4.0,0.0,0.0,5.0,,6.0,5.0
yeast,./data/numerical_only/balanced,0.601078167115903,0.38,6.0,4.0,0.0,0.0,6.0,,6.0,4.0
yeast,./data/numerical_only/balanced,0.601078167115903,0.74,5.0,5.0,0.0,0.0,4.0,,4.0,3.0
yeast,./data/numerical_only/balanced,0.601078167115903,0.56,5.0,3.0,0.0,0.0,3.0,,3.0,5.0
yeast,./data/numerical_only/balanced,0.601078167115903,0.54,4.0,3.0,0.0,0.0,3.0,,4.0,8.0
yeast,./data/numerical_only/balanced,0.601078167115903,0.43,4.0,4.0,0.0,0.0,3.0,,3.0,8.0
yeast,./data/numerical_only/balanced,0.601078167115903,0.56,5.0,2.0,0.0,0.0,3.0,,2.0,3.0
yeast,./data/numerical_only/balanced,0.601078167115903,0.3,6.0,4.0,0.0,0.0,5.0,,6.0,4.0
yeast,./data/numerical_only/balanced,0.601078167115903,0.49,5.0,6.0,0.0,0.0,5.0,,6.0,4.0
yeast,./data/numerical_only/balanced,0.601078167115903,0.26,5.0,5.0,0.0,0.0,4.0,,5.0,8.0
yeast,./data/numerical_only/balanced,0.601078167115903,0.67,4.0,3.0,0.0,0.0,5.0,,5.0,3.0
yeast,./data/numerical_only/balanced,0.601078167115903,0.91,6.0,3.0,0.0,0.0,4.0,,3.0,8.0
yeast,./data/numerical_only/balanced,0.601078167115903,0.98,5.0,2.0,0.0,0.0,3.0,,2.0,7.0
yeast,./data/numerical_only/balanced,0.601078167115903,0.34,6.0,3.0,0.0,0.0,3.0,,5.0,8.0
yeast,./data/numerical_only/balanced,0.601078167115903,0.34,6.0,4.0,0.0,0.0,5.0,,6.0,2.0
yeast,./data/numerical_only/balanced,0.601078167115903,0.52,4.0,4.0,0.0,0.0,6.0,,5.0,4.0
yeast,./data/numerical_only/balanced,0.601078167115903,0.81,6.0,2.0,0.0,0.0,3.0,,2.0,6.0
yeast,./data/numerical_only/balanced,0.601078167115903,0.45,6.0,4.0,0.0,0.0,6.0,,5.0,8.0
yeast,./data/numerical_only/balanced,0.601078167115903,0.38,5.0,2.0,0.0,0.0,5.0,,5.0,7.0
yeast,./data/numerical_only/balanced,0.601078167115903,0.94,6.0,4.0,0.0,0.0,4.0,,5.0,3.0
yeast,./data/numerical_only/balanced,0.601078167115903,0.33,4.0,4.0,0.0,0.0,4.0,,4.0,8.0
yeast,./data/numerical_only/balanced,0.601078167115903,0.72,6.0,4.0,0.0,0.0,3.0,,5.0,8.0
yeast,./data/numerical_only/balanced,0.601078167115903,0.29,5.0,2.0,0.0,0.0,3.0,,4.0,2.0
yeast,./data/numerical_only/balanced,0.601078167115903,0.67,3.0,1.0,0.0,0.0,3.0,,3.0,6.0
yeast,./data/numerical_only/balanced,0.601078167115903,0.42,6.0,2.0,0.0,0.0,6.0,,4.0,4.0
rmftsa,./data/numerical_only/balanced,0.5,0.34152380952380945,2.0,2.0,0.0,0.0,1.0,2.0,2.0,2.0
rmftsa,./data/numerical_only/balanced,0.5,0.4721666666666667,2.0,2.0,0.0,0.0,2.0,2.0,1.0,2.0
rmftsa,./data/numerical_only/balanced,0.5,0.6655,2.0,2.0,0.0,0.0,2.0,2.0,1.0,1.0
rmftsa,./data/numerical_only/balanced,0.5,0.9,2.0,1.0,0.0,0.0,1.0,2.0,2.0,2.0
rmftsa,./data/numerical_only/balanced,0.5,0.6321532356532357,2.0,1.0,0.0,0.0,1.0,1.0,1.0,2.0
rmftsa,./data/numerical_only/balanced,0.5,0.8221843434343431,2.0,2.0,0.0,0.0,2.0,2.0,2.0,2.0
rmftsa,./data/numerical_only/balanced,0.5,0.2767023809523808,2.0,2.0,0.0,0.0,2.0,2.0,2.0,2.0
rmftsa,./data/numerical_only/balanced,0.5,0.8651381221118061,2.0,1.0,0.0,0.0,2.0,1.0,2.0,2.0
rmftsa,./data/numerical_only/balanced,0.5,0.7602857142857143,2.0,2.0,0.0,0.0,2.0,1.0,2.0,2.0
rmftsa,./data/numerical_only/balanced,0.5,0.5908650793650794,2.0,1.0,0.0,0.0,1.0,2.0,1.0,2.0
rmftsa,./data/numerical_only/balanced,0.5,1.0,2.0,1.0,0.0,0.0,1.0,2.0,2.0,2.0
rmftsa,./data/numerical_only/balanced,0.5,0.56725,2.0,1.0,0.0,0.0,2.0,2.0,1.0,1.0
rmftsa,./data/numerical_only/balanced,0.5,0.7943333333333333,1.0,2.0,0.0,0.0,2.0,1.0,2.0,2.0
rmftsa,./data/numerical_only/balanced,0.5,0.6441666666666667,2.0,2.0,0.0,0.0,2.0,1.0,2.0,2.0
rmftsa,./data/numerical_only/balanced,0.5,0.6934919386169388,2.0,1.0,0.0,0.0,1.0,2.0,1.0,2.0
rmftsa,./data/numerical_only/balanced,0.5,0.3696428571428571,1.0,2.0,0.0,0.0,1.0,1.0,1.0,2.0
rmftsa,./data/numerical_only/balanced,0.5,0.489547619047619,2.0,2.0,0.0,0.0,2.0,2.0,1.0,1.0
rmftsa,./data/numerical_only/balanced,0.5,0.5908650793650794,2.0,1.0,0.0,0.0,1.0,2.0,2.0,2.0
rmftsa,./data/numerical_only/balanced,0.5,0.61,2.0,2.0,0.0,0.0,1.0,2.0,1.0,2.0
rmftsa,./data/numerical_only/balanced,0.5,0.9613492063492063,2.0,1.0,0.0,0.0,1.0,1.0,1.0,2.0
rmftsa,./data/numerical_only/balanced,0.5,0.5806590076590077,2.0,2.0,0.0,0.0,1.0,2.0,1.0,2.0
rmftsa,./data/numerical_only/balanced,0.5,0.32083333333333336,2.0,1.0,0.0,0.0,2.0,2.0,2.0,1.0
rmftsa,./data/numerical_only/balanced,0.5,0.575,2.0,2.0,0.0,0.0,1.0,2.0,1.0,2.0
rmftsa,./data/numerical_only/balanced,0.5,0.6658171762877646,2.0,1.0,0.0,0.0,1.0,1.0,2.0,2.0
rmftsa,./data/numerical_only/balanced,0.5,0.7732380952380953,2.0,1.0,0.0,0.0,1.0,2.0,1.0,2.0
rmftsa,./data/numerical_only/balanced,0.5,0.87,2.0,2.0,0.0,0.0,2.0,2.0,2.0,2.0
rmftsa,./data/numerical_only/balanced,0.5,0.47300000000000003,2.0,2.0,0.0,0.0,2.0,1.0,2.0,2.0
rmftsa,./data/numerical_only/balanced,0.5,0.5083333333333333,2.0,2.0,0.0,0.0,2.0,1.0,2.0,2.0
rmftsa,./data/numerical_only/balanced,0.5,0.42064285714285704,2.0,2.0,0.0,0.0,1.0,2.0,2.0,2.0
rmftsa,./data/numerical_only/balanced,0.5,0.6760634920634918,2.0,1.0,0.0,0.0,2.0,2.0,2.0,2.0
rmftsa,./data/numerical_only/balanced,0.5,0.6493759018759018,2.0,2.0,0.0,0.0,2.0,1.0,2.0,2.0
rmftsa,./data/numerical_only/balanced,0.5,0.4019285714285715,1.0,2.0,0.0,0.0,1.0,2.0,2.0,2.0
rmftsa,./data/numerical_only/balanced,0.5,0.6441666666666667,2.0,2.0,0.0,0.0,2.0,2.0,1.0,2.0
rmftsa,./data/numerical_only/balanced,0.5,0.5419999999999999,2.0,0.0,0.0,0.0,2.0,1.0,2.0,2.0
rmftsa,./data/numerical_only/balanced,0.5,0.8079761904761905,2.0,2.0,0.0,0.0,1.0,2.0,2.0,2.0
rmftsa,./data/numerical_only/balanced,0.5,0.56,2.0,2.0,0.0,0.0,2.0,1.0,2.0,2.0
rmftsa,./data/numerical_only/balanced,0.5,0.5701666666666667,2.0,1.0,0.0,0.0,2.0,1.0,1.0,2.0
rmftsa,./data/numerical_only/balanced,0.5,0.98,2.0,1.0,0.0,0.0,1.0,2.0,2.0,2.0
rmftsa,./data/numerical_only/balanced,0.5,0.48683333333333323,2.0,2.0,0.0,0.0,1.0,1.0,1.0,2.0
rmftsa,./data/numerical_only/balanced,0.5,0.8,1.0,1.0,0.0,0.0,1.0,2.0,1.0,1.0
rmftsa,./data/numerical_only/balanced,0.5,0.48016666666666674,2.0,1.0,0.0,0.0,2.0,1.0,1.0,1.0
rmftsa,./data/numerical_only/balanced,0.5,0.46688095238095234,2.0,2.0,0.0,0.0,1.0,2.0,2.0,1.0
rmftsa,./data/numerical_only/balanced,0.5,0.7675,2.0,2.0,0.0,0.0,1.0,1.0,2.0,2.0
rmftsa,./data/numerical_only/balanced,0.5,0.61,2.0,1.0,0.0,0.0,1.0,2.0,1.0,2.0
rmftsa,./data/numerical_only/balanced,0.5,0.91,2.0,1.0,0.0,0.0,2.0,2.0,1.0,2.0
rmftsa,./data/numerical_only/balanced,0.5,0.5908650793650794,2.0,1.0,0.0,0.0,1.0,2.0,1.0,2.0
rmftsa,./data/numerical_only/balanced,0.5,0.7675,2.0,2.0,0.0,0.0,1.0,2.0,1.0,2.0
rmftsa,./data/numerical_only/balanced,0.5,0.64,2.0,2.0,0.0,0.0,2.0,2.0,1.0,2.0
rmftsa,./data/numerical_only/balanced,0.5,0.84,2.0,2.0,0.0,0.0,2.0,2.0,2.0,2.0
rmftsa,./data/numerical_only/balanced,0.5,0.64,2.0,1.0,0.0,0.0,1.0,2.0,1.0,1.0
banknote-authentication,./data/numerical_only/balanced,0.9941690962099126,0.99,3.0,0.0,0.0,0.0,3.0,2.0,3.0,3.0
banknote-authentication,./data/numerical_only/balanced,0.9941690962099126,1.0,1.0,0.0,0.0,0.0,2.0,2.0,1.0,2.0
banknote-authentication,./data/numerical_only/balanced,0.9941690962099126,0.95,3.0,0.0,0.0,0.0,3.0,1.0,2.0,3.0
banknote-authentication,./data/numerical_only/balanced,0.9941690962099126,0.94,3.0,1.0,0.0,0.0,2.0,2.0,3.0,3.0
banknote-authentication,./data/numerical_only/balanced,0.9941690962099126,1.0,3.0,1.0,0.0,0.0,2.0,3.0,2.0,4.0
banknote-authentication,./data/numerical_only/balanced,0.9941690962099126,1.0,2.0,2.0,0.0,0.0,2.0,2.0,2.0,2.0
banknote-authentication,./data/numerical_only/balanced,0.9941690962099126,0.98,3.0,1.0,0.0,0.0,2.0,2.0,2.0,3.0
banknote-authentication,./data/numerical_only/balanced,0.9941690962099126,1.0,1.0,0.0,0.0,0.0,1.0,1.0,1.0,2.0
banknote-authentication,./data/numerical_only/balanced,0.9941690962099126,1.0,3.0,1.0,0.0,0.0,2.0,3.0,3.0,4.0
banknote-authentication,./data/numerical_only/balanced,0.9941690962099126,1.0,1.0,0.0,0.0,0.0,1.0,2.0,2.0,4.0
banknote-authentication,./data/numerical_only/balanced,0.9941690962099126,1.0,3.0,1.0,0.0,0.0,2.0,3.0,2.0,4.0
banknote-authentication,./data/numerical_only/balanced,0.9941690962099126,0.99,1.0,0.0,0.0,0.0,1.0,3.0,2.0,2.0
banknote-authentication,./data/numerical_only/balanced,0.9941690962099126,1.0,1.0,0.0,0.0,0.0,1.0,1.0,2.0,2.0
banknote-authentication,./data/numerical_only/balanced,0.9941690962099126,0.99,3.0,0.0,0.0,0.0,3.0,3.0,2.0,4.0
banknote-authentication,./data/numerical_only/balanced,0.9941690962099126,1.0,3.0,0.0,0.0,0.0,2.0,3.0,2.0,2.0
banknote-authentication,./data/numerical_only/balanced,0.9941690962099126,1.0,3.0,1.0,0.0,0.0,2.0,3.0,2.0,2.0
banknote-authentication,./data/numerical_only/balanced,0.9941690962099126,0.99,3.0,1.0,0.0,0.0,2.0,3.0,2.0,2.0
banknote-authentication,./data/numerical_only/balanced,0.9941690962099126,0.99,3.0,1.0,0.0,0.0,3.0,2.0,3.0,4.0
banknote-authentication,./data/numerical_only/balanced,0.9941690962099126,0.99,2.0,0.0,0.0,0.0,1.0,1.0,1.0,2.0
banknote-authentication,./data/numerical_only/balanced,0.9941690962099126,1.0,3.0,0.0,0.0,0.0,1.0,3.0,2.0,3.0
banknote-authentication,./data/numerical_only/balanced,0.9941690962099126,1.0,2.0,1.0,0.0,0.0,2.0,2.0,2.0,4.0
banknote-authentication,./data/numerical_only/balanced,0.9941690962099126,0.98,3.0,2.0,0.0,0.0,2.0,3.0,3.0,4.0
banknote-authentication,./data/numerical_only/balanced,0.9941690962099126,0.99,3.0,0.0,0.0,0.0,1.0,1.0,1.0,2.0
banknote-authentication,./data/numerical_only/balanced,0.9941690962099126,0.98,1.0,0.0,0.0,0.0,1.0,2.0,1.0,2.0
banknote-authentication,./data/numerical_only/balanced,0.9941690962099126,0.9,3.0,1.0,0.0,0.0,2.0,2.0,2.0,4.0
banknote-authentication,./data/numerical_only/balanced,0.9941690962099126,1.0,1.0,0.0,0.0,0.0,1.0,2.0,1.0,2.0
banknote-authentication,./data/numerical_only/balanced,0.9941690962099126,1.0,3.0,0.0,0.0,0.0,1.0,3.0,2.0,2.0
banknote-authentication,./data/numerical_only/balanced,0.9941690962099126,1.0,1.0,0.0,0.0,0.0,2.0,3.0,2.0,2.0
banknote-authentication,./data/numerical_only/balanced,0.9941690962099126,0.98,2.0,1.0,0.0,0.0,1.0,1.0,2.0,2.0
banknote-authentication,./data/numerical_only/balanced,0.9941690962099126,0.99,3.0,0.0,0.0,0.0,1.0,2.0,2.0,2.0
banknote-authentication,./data/numerical_only/balanced,0.9941690962099126,1.0,3.0,0.0,0.0,0.0,3.0,2.0,2.0,3.0
banknote-authentication,./data/numerical_only/balanced,0.9941690962099126,0.99,3.0,0.0,0.0,0.0,2.0,2.0,2.0,3.0
banknote-authentication,./data/numerical_only/balanced,0.9941690962099126,0.94,3.0,1.0,0.0,0.0,1.0,3.0,1.0,4.0
banknote-authentication,./data/numerical_only/balanced,0.9941690962099126,0.99,1.0,0.0,0.0,0.0,2.0,2.0,1.0,2.0
banknote-authentication,./data/numerical_only/balanced,0.9941690962099126,0.97,3.0,1.0,0.0,0.0,4.0,2.0,3.0,3.0
banknote-authentication,./data/numerical_only/balanced,0.9941690962099126,1.0,1.0,0.0,0.0,0.0,2.0,3.0,2.0,2.0
banknote-authentication,./data/numerical_only/balanced,0.9941690962099126,1.0,1.0,0.0,0.0,0.0,1.0,2.0,2.0,2.0
banknote-authentication,./data/numerical_only/balanced,0.9941690962099126,1.0,1.0,0.0,0.0,0.0,1.0,3.0,2.0,2.0
banknote-authentication,./data/numerical_only/balanced,0.9941690962099126,0.98,3.0,0.0,0.0,0.0,3.0,1.0,3.0,3.0
banknote-authentication,./data/numerical_only/balanced,0.9941690962099126,1.0,1.0,0.0,0.0,0.0,2.0,2.0,2.0,2.0
banknote-authentication,./data/numerical_only/balanced,0.9941690962099126,0.99,1.0,0.0,0.0,0.0,1.0,1.0,2.0,2.0
banknote-authentication,./data/numerical_only/balanced,0.9941690962099126,0.99,2.0,2.0,0.0,0.0,2.0,2.0,1.0,2.0
banknote-authentication,./data/numerical_only/balanced,0.9941690962099126,0.87,1.0,1.0,0.0,0.0,2.0,3.0,2.0,4.0
banknote-authentication,./data/numerical_only/balanced,0.9941690962099126,1.0,3.0,2.0,0.0,0.0,2.0,2.0,1.0,4.0
banknote-authentication,./data/numerical_only/balanced,0.9941690962099126,0.99,3.0,0.0,0.0,0.0,2.0,4.0,3.0,4.0
banknote-authentication,./data/numerical_only/balanced,0.9941690962099126,1.0,3.0,1.0,0.0,0.0,1.0,3.0,2.0,4.0
banknote-authentication,./data/numerical_only/balanced,0.9941690962099126,1.0,1.0,0.0,0.0,0.0,2.0,2.0,2.0,2.0
banknote-authentication,./data/numerical_only/balanced,0.9941690962099126,1.0,3.0,1.0,0.0,0.0,3.0,2.0,3.0,3.0
banknote-authentication,./data/numerical_only/balanced,0.9941690962099126,1.0,1.0,0.0,0.0,0.0,1.0,2.0,2.0,4.0
banknote-authentication,./data/numerical_only/balanced,0.9941690962099126,0.91,3.0,2.0,0.0,0.0,1.0,2.0,1.0,2.0
volcanoes-a2,./data/numerical_only/balanced,0.9384236453201971,0.99,1.0,1.0,0.0,0.0,0.0,2.0,2.0,2.0
volcanoes-a2,./data/numerical_only/balanced,0.9384236453201971,0.97,1.0,2.0,0.0,0.0,1.0,1.0,1.0,2.0
volcanoes-a2,./data/numerical_only/balanced,0.9384236453201971,1.0,2.0,0.0,0.0,0.0,1.0,2.0,1.0,1.0
volcanoes-a2,./data/numerical_only/balanced,0.9384236453201971,0.98,2.0,0.0,0.0,0.0,1.0,1.0,1.0,1.0
volcanoes-a2,./data/numerical_only/balanced,0.9384236453201971,0.75,1.0,1.0,0.0,0.0,1.0,2.0,,3.0
volcanoes-a2,./data/numerical_only/balanced,0.9384236453201971,1.0,2.0,0.0,0.0,0.0,0.0,1.0,,1.0
volcanoes-a2,./data/numerical_only/balanced,0.9384236453201971,0.93,2.0,0.0,0.0,0.0,1.0,2.0,,3.0
volcanoes-a2,./data/numerical_only/balanced,0.9384236453201971,0.98,2.0,0.0,0.0,0.0,0.0,2.0,1.0,1.0
volcanoes-a2,./data/numerical_only/balanced,0.9384236453201971,0.99,2.0,0.0,0.0,0.0,1.0,2.0,,2.0
volcanoes-a2,./data/numerical_only/balanced,0.9384236453201971,1.0,2.0,0.0,0.0,0.0,1.0,1.0,1.0,1.0
volcanoes-a2,./data/numerical_only/balanced,0.9384236453201971,0.67,2.0,2.0,0.0,0.0,1.0,3.0,1.0,1.0
volcanoes-a2,./data/numerical_only/balanced,0.9384236453201971,1.0,2.0,0.0,0.0,0.0,1.0,1.0,1.0,1.0
volcanoes-a2,./data/numerical_only/balanced,0.9384236453201971,0.72,2.0,2.0,0.0,0.0,1.0,2.0,2.0,3.0
volcanoes-a2,./data/numerical_only/balanced,0.9384236453201971,0.74,1.0,1.0,0.0,0.0,1.0,1.0,1.0,3.0
volcanoes-a2,./data/numerical_only/balanced,0.9384236453201971,0.93,2.0,0.0,0.0,0.0,1.0,2.0,,1.0
volcanoes-a2,./data/numerical_only/balanced,0.9384236453201971,1.0,2.0,0.0,0.0,0.0,1.0,1.0,1.0,1.0
volcanoes-a2,./data/numerical_only/balanced,0.9384236453201971,0.99,2.0,0.0,0.0,0.0,2.0,1.0,1.0,2.0
volcanoes-a2,./data/numerical_only/balanced,0.9384236453201971,0.93,2.0,0.0,0.0,0.0,1.0,2.0,1.0,1.0
volcanoes-a2,./data/numerical_only/balanced,0.9384236453201971,1.0,2.0,0.0,0.0,0.0,0.0,1.0,,1.0
volcanoes-a2,./data/numerical_only/balanced,0.9384236453201971,0.99,2.0,0.0,0.0,0.0,0.0,1.0,,1.0
volcanoes-a2,./data/numerical_only/balanced,0.9384236453201971,0.98,2.0,0.0,0.0,0.0,0.0,1.0,1.0,1.0
volcanoes-a2,./data/numerical_only/balanced,0.9384236453201971,0.98,2.0,0.0,0.0,0.0,0.0,1.0,1.0,1.0
volcanoes-a2,./data/numerical_only/balanced,0.9384236453201971,0.99,2.0,0.0,0.0,0.0,1.0,1.0,1.0,1.0
volcanoes-a2,./data/numerical_only/balanced,0.9384236453201971,1.0,2.0,1.0,0.0,0.0,1.0,1.0,1.0,1.0
volcanoes-a2,./data/numerical_only/balanced,0.9384236453201971,0.98,2.0,0.0,0.0,0.0,0.0,1.0,,1.0
volcanoes-a2,./data/numerical_only/balanced,0.9384236453201971,1.0,2.0,0.0,0.0,0.0,0.0,1.0,1.0,1.0
volcanoes-a2,./data/numerical_only/balanced,0.9384236453201971,1.0,2.0,0.0,0.0,0.0,2.0,1.0,,1.0
volcanoes-a2,./data/numerical_only/balanced,0.9384236453201971,1.0,2.0,0.0,0.0,0.0,0.0,1.0,1.0,1.0
volcanoes-a2,./data/numerical_only/balanced,0.9384236453201971,0.96,2.0,0.0,0.0,0.0,0.0,2.0,1.0,1.0
volcanoes-a2,./data/numerical_only/balanced,0.9384236453201971,1.0,2.0,0.0,0.0,0.0,1.0,1.0,1.0,2.0
volcanoes-a2,./data/numerical_only/balanced,0.9384236453201971,1.0,2.0,0.0,0.0,0.0,0.0,1.0,1.0,1.0
volcanoes-a2,./data/numerical_only/balanced,0.9384236453201971,1.0,2.0,0.0,0.0,0.0,1.0,1.0,,1.0
volcanoes-a2,./data/numerical_only/balanced,0.9384236453201971,0.96,1.0,0.0,0.0,0.0,0.0,1.0,,1.0
volcanoes-a2,./data/numerical_only/balanced,0.9384236453201971,1.0,2.0,0.0,0.0,0.0,1.0,1.0,1.0,1.0
volcanoes-a2,./data/numerical_only/balanced,0.9384236453201971,0.98,2.0,0.0,0.0,0.0,0.0,1.0,1.0,2.0
volcanoes-a2,./data/numerical_only/balanced,0.9384236453201971,1.0,2.0,0.0,0.0,0.0,1.0,1.0,2.0,2.0
volcanoes-a2,./data/numerical_only/balanced,0.9384236453201971,0.97,2.0,0.0,0.0,0.0,1.0,1.0,,1.0
volcanoes-a2,./data/numerical_only/balanced,0.9384236453201971,0.39,2.0,3.0,0.0,0.0,2.0,3.0,3.0,3.0
volcanoes-a2,./data/numerical_only/balanced,0.9384236453201971,1.0,2.0,0.0,0.0,0.0,0.0,1.0,1.0,1.0
volcanoes-a2,./data/numerical_only/balanced,0.9384236453201971,0.86,1.0,1.0,0.0,0.0,1.0,1.0,1.0,3.0
volcanoes-a2,./data/numerical_only/balanced,0.9384236453201971,1.0,2.0,0.0,0.0,0.0,0.0,1.0,,1.0
volcanoes-a2,./data/numerical_only/balanced,0.9384236453201971,1.0,2.0,0.0,0.0,0.0,1.0,1.0,1.0,1.0
volcanoes-a2,./data/numerical_only/balanced,0.9384236453201971,1.0,2.0,0.0,0.0,0.0,0.0,1.0,1.0,1.0
volcanoes-a2,./data/numerical_only/balanced,0.9384236453201971,0.97,2.0,0.0,0.0,0.0,2.0,1.0,1.0,1.0
volcanoes-a2,./data/numerical_only/balanced,0.9384236453201971,1.0,2.0,0.0,0.0,0.0,0.0,1.0,1.0,1.0
volcanoes-a2,./data/numerical_only/balanced,0.9384236453201971,0.85,2.0,3.0,0.0,0.0,1.0,2.0,2.0,0.0
volcanoes-a2,./data/numerical_only/balanced,0.9384236453201971,1.0,2.0,0.0,0.0,0.0,2.0,1.0,1.0,1.0
volcanoes-a2,./data/numerical_only/balanced,0.9384236453201971,0.92,1.0,1.0,0.0,0.0,0.0,2.0,,2.0
volcanoes-a2,./data/numerical_only/balanced,0.9384236453201971,1.0,2.0,0.0,0.0,0.0,1.0,1.0,1.0,1.0
volcanoes-a2,./data/numerical_only/balanced,0.9384236453201971,0.98,2.0,0.0,0.0,0.0,0.0,1.0,1.0,3.0
volcanoes-a3,./data/numerical_only/balanced,0.889763779527559,0.42,1.0,2.0,0.0,0.0,2.0,2.0,2.0,1.0
volcanoes-a3,./data/numerical_only/balanced,0.889763779527559,1.0,2.0,0.0,0.0,0.0,0.0,1.0,1.0,2.0
volcanoes-a3,./data/numerical_only/balanced,0.889763779527559,0.39,1.0,2.0,0.0,0.0,3.0,3.0,2.0,3.0
volcanoes-a3,./data/numerical_only/balanced,0.889763779527559,1.0,2.0,0.0,0.0,0.0,0.0,1.0,,1.0
volcanoes-a3,./data/numerical_only/balanced,0.889763779527559,1.0,2.0,0.0,0.0,0.0,1.0,1.0,,1.0
volcanoes-a3,./data/numerical_only/balanced,0.889763779527559,1.0,2.0,0.0,0.0,0.0,0.0,1.0,,1.0
volcanoes-a3,./data/numerical_only/balanced,0.889763779527559,1.0,2.0,0.0,0.0,0.0,1.0,1.0,1.0,2.0
volcanoes-a3,./data/numerical_only/balanced,0.889763779527559,0.98,2.0,0.0,0.0,0.0,0.0,1.0,,2.0
volcanoes-a3,./data/numerical_only/balanced,0.889763779527559,0.95,2.0,0.0,0.0,0.0,0.0,1.0,1.0,1.0
volcanoes-a3,./data/numerical_only/balanced,0.889763779527559,1.0,2.0,0.0,0.0,0.0,0.0,1.0,1.0,1.0
volcanoes-a3,./data/numerical_only/balanced,0.889763779527559,1.0,2.0,0.0,0.0,0.0,0.0,2.0,1.0,1.0
volcanoes-a3,./data/numerical_only/balanced,0.889763779527559,0.96,2.0,1.0,0.0,0.0,1.0,2.0,1.0,2.0
volcanoes-a3,./data/numerical_only/balanced,0.889763779527559,0.71,2.0,0.0,0.0,0.0,1.0,2.0,,3.0
volcanoes-a3,./data/numerical_only/balanced,0.889763779527559,0.48,1.0,2.0,0.0,0.0,2.0,2.0,2.0,1.0
volcanoes-a3,./data/numerical_only/balanced,0.889763779527559,0.97,2.0,1.0,0.0,0.0,1.0,1.0,1.0,3.0
volcanoes-a3,./data/numerical_only/balanced,0.889763779527559,1.0,2.0,0.0,0.0,0.0,1.0,1.0,,3.0
volcanoes-a3,./data/numerical_only/balanced,0.889763779527559,0.99,2.0,1.0,0.0,0.0,1.0,2.0,1.0,2.0
volcanoes-a3,./data/numerical_only/balanced,0.889763779527559,1.0,2.0,0.0,0.0,0.0,1.0,1.0,1.0,1.0
volcanoes-a3,./data/numerical_only/balanced,0.889763779527559,1.0,2.0,0.0,0.0,0.0,1.0,1.0,1.0,3.0
volcanoes-a3,./data/numerical_only/balanced,0.889763779527559,0.93,2.0,1.0,0.0,0.0,0.0,2.0,1.0,2.0
volcanoes-a3,./data/numerical_only/balanced,0.889763779527559,1.0,2.0,0.0,0.0,0.0,0.0,1.0,1.0,1.0
volcanoes-a3,./data/numerical_only/balanced,0.889763779527559,0.91,2.0,1.0,0.0,0.0,1.0,1.0,1.0,3.0
volcanoes-a3,./data/numerical_only/balanced,0.889763779527559,1.0,2.0,0.0,0.0,0.0,1.0,1.0,1.0,1.0
volcanoes-a3,./data/numerical_only/balanced,0.889763779527559,0.7,1.0,1.0,0.0,0.0,1.0,2.0,,1.0
volcanoes-a3,./data/numerical_only/balanced,0.889763779527559,0.92,2.0,0.0,0.0,0.0,0.0,1.0,1.0,1.0
volcanoes-a3,./data/numerical_only/balanced,0.889763779527559,0.96,2.0,0.0,0.0,0.0,1.0,2.0,1.0,1.0
volcanoes-a3,./data/numerical_only/balanced,0.889763779527559,0.68,2.0,1.0,0.0,0.0,1.0,2.0,,2.0
volcanoes-a3,./data/numerical_only/balanced,0.889763779527559,0.98,2.0,0.0,0.0,0.0,0.0,1.0,,1.0
volcanoes-a3,./data/numerical_only/balanced,0.889763779527559,1.0,2.0,0.0,0.0,0.0,1.0,1.0,,1.0
volcanoes-a3,./data/numerical_only/balanced,0.889763779527559,0.97,2.0,0.0,0.0,0.0,0.0,1.0,1.0,1.0
volcanoes-a3,./data/numerical_only/balanced,0.889763779527559,1.0,2.0,0.0,0.0,0.0,1.0,1.0,,1.0
volcanoes-a3,./data/numerical_only/balanced,0.889763779527559,1.0,2.0,0.0,0.0,0.0,0.0,1.0,1.0,1.0
volcanoes-a3,./data/numerical_only/balanced,0.889763779527559,0.84,2.0,1.0,0.0,0.0,1.0,2.0,1.0,3.0
volcanoes-a3,./data/numerical_only/balanced,0.889763779527559,0.94,2.0,0.0,0.0,0.0,1.0,1.0,1.0,2.0
volcanoes-a3,./data/numerical_only/balanced,0.889763779527559,1.0,2.0,0.0,0.0,0.0,1.0,1.0,1.0,1.0
volcanoes-a3,./data/numerical_only/balanced,0.889763779527559,0.84,2.0,2.0,0.0,0.0,0.0,2.0,,3.0
volcanoes-a3,./data/numerical_only/balanced,0.889763779527559,0.99,2.0,2.0,0.0,0.0,0.0,1.0,,2.0
volcanoes-a3,./data/numerical_only/balanced,0.889763779527559,1.0,2.0,0.0,0.0,0.0,1.0,1.0,,2.0
volcanoes-a3,./data/numerical_only/balanced,0.889763779527559,0.95,2.0,1.0,0.0,0.0,1.0,2.0,1.0,2.0
volcanoes-a3,./data/numerical_only/balanced,0.889763779527559,0.98,2.0,0.0,0.0,0.0,1.0,1.0,,1.0
volcanoes-a3,./data/numerical_only/balanced,0.889763779527559,1.0,2.0,0.0,0.0,0.0,0.0,1.0,1.0,1.0
volcanoes-a3,./data/numerical_only/balanced,0.889763779527559,0.55,2.0,3.0,0.0,0.0,3.0,3.0,2.0,3.0
volcanoes-a3,./data/numerical_only/balanced,0.889763779527559,0.99,2.0,0.0,0.0,0.0,0.0,1.0,1.0,1.0
volcanoes-a3,./data/numerical_only/balanced,0.889763779527559,1.0,2.0,0.0,0.0,0.0,1.0,1.0,1.0,1.0
volcanoes-a3,./data/numerical_only/balanced,0.889763779527559,0.95,2.0,0.0,0.0,0.0,1.0,1.0,1.0,2.0
volcanoes-a3,./data/numerical_only/balanced,0.889763779527559,1.0,2.0,0.0,0.0,0.0,0.0,1.0,,1.0
volcanoes-a3,./data/numerical_only/balanced,0.889763779527559,0.95,2.0,0.0,0.0,0.0,0.0,1.0,,3.0
volcanoes-a3,./data/numerical_only/balanced,0.889763779527559,1.0,2.0,0.0,0.0,0.0,1.0,1.0,1.0,2.0
volcanoes-a3,./data/numerical_only/balanced,0.889763779527559,1.0,2.0,0.0,0.0,0.0,0.0,1.0,1.0,1.0
volcanoes-a3,./data/numerical_only/balanced,0.889763779527559,1.0,2.0,0.0,0.0,0.0,0.0,1.0,1.0,1.0
volcanoes-a4,./data/numerical_only/balanced,0.8891820580474934,1.0,1.0,0.0,0.0,0.0,0.0,1.0,,1.0
volcanoes-a4,./data/numerical_only/balanced,0.8891820580474934,1.0,1.0,0.0,0.0,0.0,0.0,1.0,1.0,2.0
volcanoes-a4,./data/numerical_only/balanced,0.8891820580474934,0.62,2.0,2.0,0.0,0.0,3.0,2.0,2.0,3.0
volcanoes-a4,./data/numerical_only/balanced,0.8891820580474934,0.96,1.0,0.0,0.0,0.0,0.0,1.0,,1.0
volcanoes-a4,./data/numerical_only/balanced,0.8891820580474934,0.98,1.0,0.0,0.0,0.0,0.0,1.0,,1.0
volcanoes-a4,./data/numerical_only/balanced,0.8891820580474934,0.64,2.0,2.0,0.0,0.0,1.0,2.0,2.0,0.0
volcanoes-a4,./data/numerical_only/balanced,0.8891820580474934,0.98,1.0,0.0,0.0,0.0,0.0,1.0,,2.0
volcanoes-a4,./data/numerical_only/balanced,0.8891820580474934,0.93,2.0,1.0,0.0,0.0,1.0,2.0,,3.0
volcanoes-a4,./data/numerical_only/balanced,0.8891820580474934,0.9,1.0,0.0,0.0,0.0,0.0,1.0,1.0,1.0
volcanoes-a4,./data/numerical_only/balanced,0.8891820580474934,0.98,1.0,0.0,0.0,0.0,0.0,1.0,,1.0
volcanoes-a4,./data/numerical_only/balanced,0.8891820580474934,1.0,1.0,0.0,0.0,0.0,0.0,1.0,1.0,1.0
volcanoes-a4,./data/numerical_only/balanced,0.8891820580474934,0.97,1.0,0.0,0.0,0.0,0.0,1.0,1.0,1.0
volcanoes-a4,./data/numerical_only/balanced,0.8891820580474934,0.99,1.0,0.0,0.0,0.0,0.0,1.0,,1.0
volcanoes-a4,./data/numerical_only/balanced,0.8891820580474934,1.0,1.0,0.0,0.0,0.0,0.0,1.0,,2.0
volcanoes-a4,./data/numerical_only/balanced,0.8891820580474934,1.0,1.0,0.0,0.0,0.0,0.0,1.0,1.0,1.0
volcanoes-a4,./data/numerical_only/balanced,0.8891820580474934,1.0,1.0,0.0,0.0,0.0,1.0,1.0,,1.0
volcanoes-a4,./data/numerical_only/balanced,0.8891820580474934,1.0,1.0,0.0,0.0,0.0,0.0,1.0,1.0,1.0
volcanoes-a4,./data/numerical_only/balanced,0.8891820580474934,1.0,1.0,0.0,0.0,0.0,1.0,1.0,1.0,1.0
volcanoes-a4,./data/numerical_only/balanced,0.8891820580474934,1.0,1.0,0.0,0.0,0.0,0.0,1.0,,1.0
volcanoes-a4,./data/numerical_only/balanced,0.8891820580474934,1.0,1.0,0.0,0.0,0.0,0.0,2.0,1.0,2.0
volcanoes-a4,./data/numerical_only/balanced,0.8891820580474934,0.99,1.0,0.0,0.0,0.0,0.0,1.0,1.0,2.0
volcanoes-a4,./data/numerical_only/balanced,0.8891820580474934,0.36,2.0,2.0,0.0,0.0,2.0,3.0,2.0,3.0
volcanoes-a4,./data/numerical_only/balanced,0.8891820580474934,1.0,1.0,0.0,0.0,0.0,0.0,1.0,,1.0
volcanoes-a4,./data/numerical_only/balanced,0.8891820580474934,0.95,1.0,0.0,0.0,0.0,0.0,1.0,1.0,2.0
volcanoes-a4,./data/numerical_only/balanced,0.8891820580474934,0.84,2.0,1.0,0.0,0.0,1.0,2.0,,1.0
volcanoes-a4,./data/numerical_only/balanced,0.8891820580474934,1.0,1.0,0.0,0.0,0.0,1.0,1.0,,1.0
volcanoes-a4,./data/numerical_only/balanced,0.8891820580474934,0.99,1.0,0.0,0.0,0.0,0.0,1.0,1.0,1.0
volcanoes-a4,./data/numerical_only/balanced,0.8891820580474934,0.4,2.0,1.0,0.0,0.0,2.0,2.0,3.0,3.0
volcanoes-a4,./data/numerical_only/balanced,0.8891820580474934,0.97,2.0,0.0,0.0,0.0,1.0,1.0,,1.0
volcanoes-a4,./data/numerical_only/balanced,0.8891820580474934,0.83,1.0,0.0,0.0,0.0,0.0,1.0,,1.0
volcanoes-a4,./data/numerical_only/balanced,0.8891820580474934,0.7,2.0,0.0,0.0,0.0,1.0,1.0,1.0,3.0
volcanoes-a4,./data/numerical_only/balanced,0.8891820580474934,0.99,1.0,0.0,0.0,0.0,0.0,1.0,1.0,1.0
volcanoes-a4,./data/numerical_only/balanced,0.8891820580474934,0.8,2.0,2.0,0.0,0.0,1.0,1.0,1.0,3.0
volcanoes-a4,./data/numerical_only/balanced,0.8891820580474934,0.98,2.0,1.0,0.0,0.0,0.0,2.0,1.0,3.0
volcanoes-a4,./data/numerical_only/balanced,0.8891820580474934,0.46,2.0,2.0,0.0,0.0,3.0,2.0,3.0,3.0
volcanoes-a4,./data/numerical_only/balanced,0.8891820580474934,0.8,2.0,2.0,0.0,0.0,0.0,1.0,1.0,3.0
volcanoes-a4,./data/numerical_only/balanced,0.8891820580474934,0.75,1.0,0.0,0.0,0.0,0.0,1.0,1.0,2.0
volcanoes-a4,./data/numerical_only/balanced,0.8891820580474934,1.0,1.0,0.0,0.0,0.0,0.0,1.0,1.0,1.0
volcanoes-a4,./data/numerical_only/balanced,0.8891820580474934,0.92,1.0,0.0,0.0,0.0,2.0,1.0,1.0,3.0
volcanoes-a4,./data/numerical_only/balanced,0.8891820580474934,0.46,2.0,2.0,0.0,0.0,2.0,3.0,3.0,3.0
volcanoes-a4,./data/numerical_only/balanced,0.8891820580474934,1.0,1.0,0.0,0.0,0.0,0.0,1.0,1.0,2.0
volcanoes-a4,./data/numerical_only/balanced,0.8891820580474934,0.89,2.0,1.0,0.0,0.0,1.0,1.0,,0.0
volcanoes-a4,./data/numerical_only/balanced,0.8891820580474934,0.99,1.0,1.0,0.0,0.0,0.0,1.0,1.0,1.0
volcanoes-a4,./data/numerical_only/balanced,0.8891820580474934,0.99,1.0,0.0,0.0,0.0,0.0,1.0,1.0,1.0
volcanoes-a4,./data/numerical_only/balanced,0.8891820580474934,0.96,1.0,0.0,0.0,0.0,0.0,2.0,1.0,1.0
volcanoes-a4,./data/numerical_only/balanced,0.8891820580474934,0.99,1.0,0.0,0.0,0.0,1.0,2.0,1.0,2.0
volcanoes-a4,./data/numerical_only/balanced,0.8891820580474934,0.96,1.0,1.0,0.0,0.0,0.0,1.0,1.0,2.0
volcanoes-a4,./data/numerical_only/balanced,0.8891820580474934,0.96,1.0,1.0,0.0,0.0,0.0,1.0,1.0,2.0
volcanoes-a4,./data/numerical_only/balanced,0.8891820580474934,0.84,2.0,0.0,0.0,0.0,0.0,1.0,,3.0
volcanoes-a4,./data/numerical_only/balanced,0.8891820580474934,1.0,1.0,0.0,0.0,0.0,1.0,2.0,1.0,1.0
volcanoes-e1,./data/numerical_only/balanced,0.9121621621621622,1.0,1.0,0.0,0.0,0.0,0.0,,,1.0
volcanoes-e1,./data/numerical_only/balanced,0.9121621621621622,0.96,1.0,0.0,0.0,0.0,0.0,1.0,1.0,1.0
volcanoes-e1,./data/numerical_only/balanced,0.9121621621621622,1.0,1.0,0.0,0.0,0.0,0.0,,1.0,1.0
volcanoes-e1,./data/numerical_only/balanced,0.9121621621621622,1.0,1.0,0.0,0.0,0.0,0.0,,2.0,1.0
volcanoes-e1,./data/numerical_only/balanced,0.9121621621621622,1.0,1.0,0.0,0.0,0.0,0.0,1.0,1.0,1.0
volcanoes-e1,./data/numerical_only/balanced,0.9121621621621622,0.74,2.0,2.0,0.0,0.0,1.0,2.0,1.0,1.0
volcanoes-e1,./data/numerical_only/balanced,0.9121621621621622,0.99,1.0,0.0,0.0,0.0,0.0,,,1.0
volcanoes-e1,./data/numerical_only/balanced,0.9121621621621622,0.98,2.0,0.0,0.0,0.0,0.0,,1.0,2.0
volcanoes-e1,./data/numerical_only/balanced,0.9121621621621622,1.0,1.0,0.0,0.0,0.0,0.0,,,1.0
volcanoes-e1,./data/numerical_only/balanced,0.9121621621621622,0.9,2.0,1.0,0.0,0.0,0.0,1.0,1.0,3.0
volcanoes-e1,./data/numerical_only/balanced,0.9121621621621622,0.99,1.0,0.0,0.0,0.0,1.0,,1.0,1.0
volcanoes-e1,./data/numerical_only/balanced,0.9121621621621622,0.87,2.0,0.0,0.0,0.0,1.0,,1.0,2.0
volcanoes-e1,./data/numerical_only/balanced,0.9121621621621622,0.92,2.0,0.0,0.0,0.0,0.0,,1.0,3.0
volcanoes-e1,./data/numerical_only/balanced,0.9121621621621622,0.51,2.0,2.0,0.0,0.0,2.0,,2.0,1.0
volcanoes-e1,./data/numerical_only/balanced,0.9121621621621622,0.96,2.0,2.0,0.0,0.0,1.0,1.0,1.0,1.0
volcanoes-e1,./data/numerical_only/balanced,0.9121621621621622,0.98,2.0,0.0,0.0,0.0,0.0,1.0,,3.0
volcanoes-e1,./data/numerical_only/balanced,0.9121621621621622,0.86,2.0,0.0,0.0,0.0,2.0,1.0,,3.0
volcanoes-e1,./data/numerical_only/balanced,0.9121621621621622,1.0,2.0,0.0,0.0,0.0,0.0,,,3.0
volcanoes-e1,./data/numerical_only/balanced,0.9121621621621622,0.97,2.0,2.0,0.0,0.0,0.0,2.0,1.0,3.0
volcanoes-e1,./data/numerical_only/balanced,0.9121621621621622,0.93,2.0,1.0,0.0,0.0,1.0,3.0,2.0,1.0
volcanoes-e1,./data/numerical_only/balanced,0.9121621621621622,0.97,2.0,0.0,0.0,0.0,0.0,1.0,1.0,2.0
volcanoes-e1,./data/numerical_only/balanced,0.9121621621621622,1.0,1.0,0.0,0.0,0.0,0.0,,,1.0
volcanoes-e1,./data/numerical_only/balanced,0.9121621621621622,0.92,2.0,1.0,0.0,0.0,1.0,,,2.0
volcanoes-e1,./data/numerical_only/balanced,0.9121621621621622,0.69,2.0,3.0,0.0,0.0,1.0,,,1.0
volcanoes-e1,./data/numerical_only/balanced,0.9121621621621622,0.57,2.0,1.0,0.0,0.0,2.0,2.0,2.0,1.0
volcanoes-e1,./data/numerical_only/balanced,0.9121621621621622,0.98,1.0,0.0,0.0,0.0,0.0,,1.0,2.0
volcanoes-e1,./data/numerical_only/balanced,0.9121621621621622,0.98,2.0,0.0,0.0,0.0,0.0,,,2.0
volcanoes-e1,./data/numerical_only/balanced,0.9121621621621622,1.0,2.0,0.0,0.0,0.0,1.0,1.0,,3.0
volcanoes-e1,./data/numerical_only/balanced,0.9121621621621622,1.0,2.0,1.0,0.0,0.0,1.0,1.0,1.0,3.0
volcanoes-e1,./data/numerical_only/balanced,0.9121621621621622,0.81,2.0,2.0,0.0,0.0,1.0,2.0,2.0,1.0
volcanoes-e1,./data/numerical_only/balanced,0.9121621621621622,0.93,2.0,2.0,0.0,0.0,0.0,,1.0,3.0
volcanoes-e1,./data/numerical_only/balanced,0.9121621621621622,0.86,2.0,2.0,0.0,0.0,1.0,2.0,,1.0
volcanoes-e1,./data/numerical_only/balanced,0.9121621621621622,1.0,2.0,0.0,0.0,0.0,0.0,,1.0,1.0
volcanoes-e1,./data/numerical_only/balanced,0.9121621621621622,0.96,2.0,1.0,0.0,0.0,1.0,2.0,1.0,3.0
volcanoes-e1,./data/numerical_only/balanced,0.9121621621621622,0.48,2.0,0.0,0.0,0.0,2.0,,3.0,3.0
volcanoes-e1,./data/numerical_only/balanced,0.9121621621621622,1.0,1.0,1.0,0.0,0.0,1.0,,1.0,1.0
volcanoes-e1,./data/numerical_only/balanced,0.9121621621621622,0.81,2.0,1.0,0.0,0.0,1.0,,1.0,2.0
volcanoes-e1,./data/numerical_only/balanced,0.9121621621621622,0.98,2.0,0.0,0.0,0.0,0.0,,1.0,1.0
volcanoes-e1,./data/numerical_only/balanced,0.9121621621621622,0.86,2.0,2.0,0.0,0.0,1.0,,1.0,1.0
volcanoes-e1,./data/numerical_only/balanced,0.9121621621621622,0.54,2.0,1.0,0.0,0.0,2.0,2.0,1.0,0.0
volcanoes-e1,./data/numerical_only/balanced,0.9121621621621622,0.99,1.0,0.0,0.0,0.0,0.0,1.0,1.0,1.0
volcanoes-e1,./data/numerical_only/balanced,0.9121621621621622,1.0,2.0,1.0,0.0,0.0,1.0,1.0,,1.0
volcanoes-e1,./data/numerical_only/balanced,0.9121621621621622,1.0,1.0,0.0,0.0,0.0,0.0,1.0,1.0,1.0
volcanoes-e1,./data/numerical_only/balanced,0.9121621621621622,0.95,1.0,0.0,0.0,0.0,0.0,2.0,1.0,1.0
volcanoes-e1,./data/numerical_only/balanced,0.9121621621621622,0.53,2.0,0.0,0.0,0.0,3.0,,2.0,3.0
volcanoes-e1,./data/numerical_only/balanced,0.9121621621621622,1.0,2.0,0.0,0.0,0.0,0.0,2.0,1.0,3.0
volcanoes-e1,./data/numerical_only/balanced,0.9121621621621622,0.99,2.0,0.0,0.0,0.0,0.0,1.0,1.0,2.0
volcanoes-e1,./data/numerical_only/balanced,0.9121621621621622,1.0,2.0,1.0,0.0,0.0,0.0,,,2.0
volcanoes-e1,./data/numerical_only/balanced,0.9121621621621622,0.91,2.0,0.0,0.0,0.0,0.0,,1.0,1.0
volcanoes-e1,./data/numerical_only/balanced,0.9121621621621622,0.99,2.0,0.0,0.0,0.0,0.0,,,1.0
volcanoes-e2,./data/numerical_only/balanced,0.9222222222222223,0.96,2.0,0.0,0.0,0.0,0.0,,1.0,1.0
volcanoes-e2,./data/numerical_only/balanced,0.9222222222222223,0.9,2.0,1.0,0.0,0.0,0.0,,,3.0
volcanoes-e2,./data/numerical_only/balanced,0.9222222222222223,0.98,2.0,0.0,0.0,0.0,0.0,,1.0,1.0
volcanoes-e2,./data/numerical_only/balanced,0.9222222222222223,0.99,2.0,0.0,0.0,0.0,0.0,,1.0,2.0
volcanoes-e2,./data/numerical_only/balanced,0.9222222222222223,1.0,2.0,0.0,0.0,0.0,0.0,,,1.0
volcanoes-e2,./data/numerical_only/balanced,0.9222222222222223,0.96,2.0,0.0,0.0,0.0,0.0,,,1.0
volcanoes-e2,./data/numerical_only/balanced,0.9222222222222223,0.92,2.0,0.0,0.0,0.0,0.0,,,2.0
volcanoes-e2,./data/numerical_only/balanced,0.9222222222222223,0.98,2.0,0.0,0.0,0.0,0.0,,1.0,3.0
volcanoes-e2,./data/numerical_only/balanced,0.9222222222222223,0.96,2.0,1.0,0.0,0.0,0.0,,1.0,3.0
volcanoes-e2,./data/numerical_only/balanced,0.9222222222222223,0.77,2.0,3.0,0.0,0.0,2.0,,,1.0
volcanoes-e2,./data/numerical_only/balanced,0.9222222222222223,0.98,2.0,2.0,0.0,0.0,1.0,,2.0,1.0
volcanoes-e2,./data/numerical_only/balanced,0.9222222222222223,0.96,2.0,0.0,0.0,0.0,0.0,,,3.0
volcanoes-e2,./data/numerical_only/balanced,0.9222222222222223,0.94,2.0,0.0,0.0,0.0,0.0,,1.0,1.0
volcanoes-e2,./data/numerical_only/balanced,0.9222222222222223,0.9,2.0,0.0,0.0,0.0,1.0,,1.0,1.0
volcanoes-e2,./data/numerical_only/balanced,0.9222222222222223,1.0,2.0,0.0,0.0,0.0,0.0,,,3.0
volcanoes-e2,./data/numerical_only/balanced,0.9222222222222223,0.98,2.0,1.0,0.0,0.0,0.0,,,3.0
volcanoes-e2,./data/numerical_only/balanced,0.9222222222222223,1.0,2.0,0.0,0.0,0.0,0.0,,1.0,1.0
volcanoes-e2,./data/numerical_only/balanced,0.9222222222222223,0.69,2.0,1.0,0.0,0.0,1.0,,2.0,1.0
volcanoes-e2,./data/numerical_only/balanced,0.9222222222222223,0.97,2.0,0.0,0.0,0.0,0.0,,1.0,3.0
volcanoes-e2,./data/numerical_only/balanced,0.9222222222222223,0.85,2.0,0.0,0.0,0.0,0.0,,1.0,3.0
volcanoes-e2,./data/numerical_only/balanced,0.9222222222222223,0.95,2.0,0.0,0.0,0.0,1.0,,1.0,3.0
volcanoes-e2,./data/numerical_only/balanced,0.9222222222222223,0.82,2.0,1.0,0.0,0.0,0.0,,1.0,1.0
volcanoes-e2,./data/numerical_only/balanced,0.9222222222222223,0.88,2.0,1.0,0.0,0.0,1.0,,1.0,1.0
volcanoes-e2,./data/numerical_only/balanced,0.9222222222222223,0.3,2.0,2.0,0.0,0.0,2.0,,2.0,1.0
volcanoes-e2,./data/numerical_only/balanced,0.9222222222222223,1.0,2.0,0.0,0.0,0.0,0.0,,1.0,1.0
volcanoes-e2,./data/numerical_only/balanced,0.9222222222222223,1.0,2.0,1.0,0.0,0.0,0.0,,1.0,2.0
volcanoes-e2,./data/numerical_only/balanced,0.9222222222222223,1.0,2.0,0.0,0.0,0.0,0.0,,0.0,1.0
volcanoes-e2,./data/numerical_only/balanced,0.9222222222222223,1.0,2.0,0.0,0.0,0.0,0.0,,,1.0
volcanoes-e2,./data/numerical_only/balanced,0.9222222222222223,0.77,2.0,1.0,0.0,0.0,1.0,,2.0,1.0
volcanoes-e2,./data/numerical_only/balanced,0.9222222222222223,0.99,2.0,0.0,0.0,0.0,0.0,,,3.0
volcanoes-e2,./data/numerical_only/balanced,0.9222222222222223,0.97,2.0,0.0,0.0,0.0,0.0,,,1.0
volcanoes-e2,./data/numerical_only/balanced,0.9222222222222223,0.96,2.0,1.0,0.0,0.0,1.0,,,3.0
volcanoes-e2,./data/numerical_only/balanced,0.9222222222222223,0.99,2.0,0.0,0.0,0.0,0.0,,1.0,1.0
volcanoes-e2,./data/numerical_only/balanced,0.9222222222222223,0.96,2.0,0.0,0.0,0.0,0.0,,1.0,3.0
volcanoes-e2,./data/numerical_only/balanced,0.9222222222222223,0.97,2.0,0.0,0.0,0.0,0.0,,,1.0
volcanoes-e2,./data/numerical_only/balanced,0.9222222222222223,0.96,2.0,0.0,0.0,0.0,0.0,,1.0,2.0
volcanoes-e2,./data/numerical_only/balanced,0.9222222222222223,0.99,2.0,0.0,0.0,0.0,0.0,,,3.0
volcanoes-e2,./data/numerical_only/balanced,0.9222222222222223,0.97,2.0,0.0,0.0,0.0,0.0,,1.0,3.0
volcanoes-e2,./data/numerical_only/balanced,0.9222222222222223,0.9,2.0,1.0,0.0,0.0,1.0,,1.0,3.0
volcanoes-e2,./data/numerical_only/balanced,0.9222222222222223,1.0,2.0,0.0,0.0,0.0,0.0,,1.0,1.0
volcanoes-e2,./data/numerical_only/balanced,0.9222222222222223,1.0,2.0,0.0,0.0,0.0,0.0,,,1.0
volcanoes-e2,./data/numerical_only/balanced,0.9222222222222223,0.93,2.0,1.0,0.0,0.0,0.0,,,3.0
volcanoes-e2,./data/numerical_only/balanced,0.9222222222222223,0.41,2.0,2.0,0.0,0.0,2.0,,3.0,3.0
volcanoes-e2,./data/numerical_only/balanced,0.9222222222222223,1.0,2.0,0.0,0.0,0.0,0.0,,1.0,3.0
volcanoes-e2,./data/numerical_only/balanced,0.9222222222222223,0.97,2.0,0.0,0.0,0.0,0.0,,1.0,3.0
volcanoes-e2,./data/numerical_only/balanced,0.9222222222222223,0.8,2.0,1.0,0.0,0.0,1.0,,1.0,3.0
volcanoes-e2,./data/numerical_only/balanced,0.9222222222222223,0.57,2.0,2.0,0.0,0.0,3.0,,3.0,1.0
volcanoes-e2,./data/numerical_only/balanced,0.9222222222222223,0.96,2.0,2.0,0.0,0.0,1.0,,1.0,1.0
volcanoes-e2,./data/numerical_only/balanced,0.9222222222222223,1.0,2.0,0.0,0.0,0.0,0.0,,,1.0
volcanoes-e2,./data/numerical_only/balanced,0.9222222222222223,1.0,2.0,0.0,0.0,0.0,0.0,,,1.0
volcanoes-e3,./data/numerical_only/balanced,0.928125,0.99,1.0,0.0,0.0,0.0,1.0,,1.0,1.0
volcanoes-e3,./data/numerical_only/balanced,0.928125,0.85,2.0,1.0,0.0,0.0,1.0,1.0,1.0,3.0
volcanoes-e3,./data/numerical_only/balanced,0.928125,0.97,1.0,0.0,0.0,0.0,1.0,,1.0,2.0
volcanoes-e3,./data/numerical_only/balanced,0.928125,1.0,1.0,0.0,0.0,0.0,0.0,,,1.0
volcanoes-e3,./data/numerical_only/balanced,0.928125,0.8,2.0,0.0,0.0,0.0,0.0,,2.0,3.0
volcanoes-e3,./data/numerical_only/balanced,0.928125,0.87,2.0,1.0,0.0,0.0,1.0,,,1.0
volcanoes-e3,./data/numerical_only/balanced,0.928125,0.99,2.0,1.0,0.0,0.0,1.0,,1.0,3.0
volcanoes-e3,./data/numerical_only/balanced,0.928125,1.0,2.0,0.0,0.0,0.0,0.0,,,2.0
volcanoes-e3,./data/numerical_only/balanced,0.928125,0.97,2.0,1.0,0.0,0.0,0.0,,,2.0
volcanoes-e3,./data/numerical_only/balanced,0.928125,0.6,2.0,2.0,0.0,0.0,1.0,,,3.0
volcanoes-e3,./data/numerical_only/balanced,0.928125,1.0,1.0,0.0,0.0,0.0,1.0,,,1.0
volcanoes-e3,./data/numerical_only/balanced,0.928125,0.92,2.0,1.0,0.0,0.0,0.0,,1.0,3.0
volcanoes-e3,./data/numerical_only/balanced,0.928125,0.99,1.0,1.0,0.0,0.0,0.0,,1.0,1.0
volcanoes-e3,./data/numerical_only/balanced,0.928125,1.0,1.0,0.0,0.0,0.0,0.0,,1.0,3.0
volcanoes-e3,./data/numerical_only/balanced,0.928125,0.99,1.0,0.0,0.0,0.0,0.0,,,1.0
volcanoes-e3,./data/numerical_only/balanced,0.928125,0.99,1.0,0.0,0.0,0.0,0.0,,,2.0
volcanoes-e3,./data/numerical_only/balanced,0.928125,1.0,1.0,0.0,0.0,0.0,0.0,,1.0,1.0
volcanoes-e3,./data/numerical_only/balanced,0.928125,0.83,2.0,1.0,0.0,0.0,1.0,,1.0,1.0
volcanoes-e3,./data/numerical_only/balanced,0.928125,0.96,2.0,1.0,0.0,0.0,1.0,,1.0,3.0
volcanoes-e3,./data/numerical_only/balanced,0.928125,1.0,1.0,0.0,0.0,0.0,1.0,,1.0,1.0
volcanoes-e3,./data/numerical_only/balanced,0.928125,0.88,2.0,1.0,0.0,0.0,1.0,,1.0,2.0
volcanoes-e3,./data/numerical_only/balanced,0.928125,0.96,2.0,0.0,0.0,0.0,0.0,,,2.0
volcanoes-e3,./data/numerical_only/balanced,0.928125,0.99,1.0,1.0,0.0,0.0,0.0,,1.0,1.0
volcanoes-e3,./data/numerical_only/balanced,0.928125,1.0,2.0,0.0,0.0,0.0,0.0,,1.0,2.0
volcanoes-e3,./data/numerical_only/balanced,0.928125,0.94,2.0,1.0,0.0,0.0,0.0,,1.0,3.0
volcanoes-e3,./data/numerical_only/balanced,0.928125,1.0,1.0,0.0,0.0,0.0,0.0,,1.0,1.0
volcanoes-e3,./data/numerical_only/balanced,0.928125,0.99,1.0,1.0,0.0,0.0,1.0,,1.0,3.0
volcanoes-e3,./data/numerical_only/balanced,0.928125,0.92,2.0,1.0,0.0,0.0,1.0,,1.0,3.0
volcanoes-e3,./data/numerical_only/balanced,0.928125,0.94,1.0,0.0,0.0,0.0,0.0,,,1.0
volcanoes-e3,./data/numerical_only/balanced,0.928125,0.99,1.0,0.0,0.0,0.0,0.0,,1.0,1.0
volcanoes-e3,./data/numerical_only/balanced,0.928125,0.73,2.0,2.0,0.0,0.0,1.0,,1.0,3.0
volcanoes-e3,./data/numerical_only/balanced,0.928125,0.97,1.0,0.0,0.0,0.0,0.0,2.0,1.0,2.0
volcanoes-e3,./data/numerical_only/balanced,0.928125,1.0,1.0,0.0,0.0,0.0,0.0,,1.0,1.0
volcanoes-e3,./data/numerical_only/balanced,0.928125,1.0,1.0,0.0,0.0,0.0,0.0,1.0,2.0,1.0
volcanoes-e3,./data/numerical_only/balanced,0.928125,0.99,1.0,0.0,0.0,0.0,0.0,,,1.0
volcanoes-e3,./data/numerical_only/balanced,0.928125,0.89,1.0,0.0,0.0,0.0,0.0,,,1.0
volcanoes-e3,./data/numerical_only/balanced,0.928125,1.0,1.0,0.0,0.0,0.0,0.0,,,1.0
volcanoes-e3,./data/numerical_only/balanced,0.928125,1.0,2.0,1.0,0.0,0.0,1.0,,1.0,1.0
volcanoes-e3,./data/numerical_only/balanced,0.928125,0.98,1.0,0.0,0.0,0.0,0.0,,1.0,1.0
volcanoes-e3,./data/numerical_only/balanced,0.928125,0.99,2.0,0.0,0.0,0.0,1.0,,,2.0
volcanoes-e3,./data/numerical_only/balanced,0.928125,0.99,2.0,0.0,0.0,0.0,1.0,,,2.0
volcanoes-e3,./data/numerical_only/balanced,0.928125,0.68,2.0,2.0,0.0,0.0,1.0,2.0,1.0,3.0
volcanoes-e3,./data/numerical_only/balanced,0.928125,1.0,2.0,0.0,0.0,0.0,0.0,,,2.0
volcanoes-e3,./data/numerical_only/balanced,0.928125,0.96,1.0,0.0,0.0,0.0,0.0,,,1.0
volcanoes-e3,./data/numerical_only/balanced,0.928125,1.0,1.0,0.0,0.0,0.0,0.0,,,1.0
volcanoes-e3,./data/numerical_only/balanced,0.928125,0.91,2.0,1.0,0.0,0.0,0.0,,,3.0
volcanoes-e3,./data/numerical_only/balanced,0.928125,0.95,2.0,1.0,0.0,0.0,1.0,,1.0,3.0
volcanoes-e3,./data/numerical_only/balanced,0.928125,1.0,1.0,0.0,0.0,0.0,0.0,1.0,,1.0
volcanoes-e3,./data/numerical_only/balanced,0.928125,0.98,2.0,1.0,0.0,0.0,1.0,2.0,,1.0
volcanoes-e3,./data/numerical_only/balanced,0.928125,0.92,1.0,1.0,0.0,0.0,0.0,,1.0,1.0
volcanoes-e4,./data/numerical_only/balanced,0.9361022364217252,1.0,2.0,0.0,0.0,0.0,0.0,1.0,1.0,2.0
volcanoes-e4,./data/numerical_only/balanced,0.9361022364217252,0.97,2.0,0.0,0.0,0.0,0.0,,,1.0
volcanoes-e4,./data/numerical_only/balanced,0.9361022364217252,0.75,1.0,2.0,0.0,0.0,1.0,,,1.0
volcanoes-e4,./data/numerical_only/balanced,0.9361022364217252,0.96,2.0,0.0,0.0,0.0,0.0,,,1.0
volcanoes-e4,./data/numerical_only/balanced,0.9361022364217252,0.47,2.0,1.0,0.0,0.0,1.0,2.0,2.0,2.0
volcanoes-e4,./data/numerical_only/balanced,0.9361022364217252,0.98,2.0,0.0,0.0,0.0,0.0,,,1.0
volcanoes-e4,./data/numerical_only/balanced,0.9361022364217252,0.83,1.0,2.0,0.0,0.0,1.0,,1.0,1.0
volcanoes-e4,./data/numerical_only/balanced,0.9361022364217252,0.99,2.0,0.0,0.0,0.0,1.0,,1.0,1.0
volcanoes-e4,./data/numerical_only/balanced,0.9361022364217252,0.99,2.0,0.0,0.0,0.0,0.0,,1.0,3.0
volcanoes-e4,./data/numerical_only/balanced,0.9361022364217252,0.99,2.0,0.0,0.0,0.0,0.0,,,1.0
volcanoes-e4,./data/numerical_only/balanced,0.9361022364217252,0.79,2.0,2.0,0.0,0.0,1.0,,2.0,3.0
volcanoes-e4,./data/numerical_only/balanced,0.9361022364217252,1.0,2.0,0.0,0.0,0.0,0.0,,1.0,1.0
volcanoes-e4,./data/numerical_only/balanced,0.9361022364217252,0.9,2.0,1.0,0.0,0.0,0.0,,,3.0
volcanoes-e4,./data/numerical_only/balanced,0.9361022364217252,0.96,2.0,0.0,0.0,0.0,0.0,,,1.0
volcanoes-e4,./data/numerical_only/balanced,0.9361022364217252,0.94,2.0,0.0,0.0,0.0,1.0,,1.0,1.0
volcanoes-e4,./data/numerical_only/balanced,0.9361022364217252,0.96,2.0,0.0,0.0,0.0,0.0,,,3.0
volcanoes-e4,./data/numerical_only/balanced,0.9361022364217252,0.99,2.0,0.0,0.0,0.0,0.0,,,2.0
volcanoes-e4,./data/numerical_only/balanced,0.9361022364217252,1.0,2.0,0.0,0.0,0.0,0.0,,,1.0
volcanoes-e4,./data/numerical_only/balanced,0.9361022364217252,0.92,2.0,1.0,0.0,0.0,1.0,,,1.0
volcanoes-e4,./data/numerical_only/balanced,0.9361022364217252,1.0,2.0,0.0,0.0,0.0,0.0,,,1.0
volcanoes-e4,./data/numerical_only/balanced,0.9361022364217252,0.67,1.0,2.0,0.0,0.0,2.0,,3.0,3.0
volcanoes-e4,./data/numerical_only/balanced,0.9361022364217252,0.99,2.0,0.0,0.0,0.0,2.0,,1.0,1.0
volcanoes-e4,./data/numerical_only/balanced,0.9361022364217252,1.0,2.0,0.0,0.0,0.0,1.0,,1.0,1.0
volcanoes-e4,./data/numerical_only/balanced,0.9361022364217252,0.96,2.0,1.0,0.0,0.0,1.0,,,2.0
volcanoes-e4,./data/numerical_only/balanced,0.9361022364217252,1.0,2.0,0.0,0.0,0.0,1.0,,1.0,1.0
volcanoes-e4,./data/numerical_only/balanced,0.9361022364217252,0.99,2.0,0.0,0.0,0.0,0.0,,,3.0
volcanoes-e4,./data/numerical_only/balanced,0.9361022364217252,0.79,2.0,0.0,0.0,0.0,0.0,,2.0,3.0
volcanoes-e4,./data/numerical_only/balanced,0.9361022364217252,1.0,2.0,1.0,0.0,0.0,1.0,2.0,,1.0
volcanoes-e4,./data/numerical_only/balanced,0.9361022364217252,0.98,2.0,0.0,0.0,0.0,0.0,,1.0,2.0
volcanoes-e4,./data/numerical_only/balanced,0.9361022364217252,0.98,2.0,0.0,0.0,0.0,2.0,,,3.0
volcanoes-e4,./data/numerical_only/balanced,0.9361022364217252,0.82,2.0,0.0,0.0,0.0,1.0,,,1.0
volcanoes-e4,./data/numerical_only/balanced,0.9361022364217252,0.98,2.0,1.0,0.0,0.0,1.0,,,1.0
volcanoes-e4,./data/numerical_only/balanced,0.9361022364217252,1.0,2.0,0.0,0.0,0.0,1.0,,1.0,1.0
volcanoes-e4,./data/numerical_only/balanced,0.9361022364217252,1.0,2.0,0.0,0.0,0.0,0.0,,1.0,1.0
volcanoes-e4,./data/numerical_only/balanced,0.9361022364217252,0.98,2.0,0.0,0.0,0.0,0.0,,1.0,1.0
volcanoes-e4,./data/numerical_only/balanced,0.9361022364217252,0.66,2.0,1.0,0.0,0.0,1.0,,2.0,3.0
volcanoes-e4,./data/numerical_only/balanced,0.9361022364217252,0.8,2.0,2.0,0.0,0.0,0.0,,2.0,2.0
volcanoes-e4,./data/numerical_only/balanced,0.9361022364217252,0.99,2.0,0.0,0.0,0.0,1.0,,1.0,1.0
volcanoes-e4,./data/numerical_only/balanced,0.9361022364217252,1.0,2.0,0.0,0.0,0.0,0.0,,1.0,1.0
volcanoes-e4,./data/numerical_only/balanced,0.9361022364217252,0.97,2.0,2.0,0.0,0.0,1.0,,1.0,2.0
volcanoes-e4,./data/numerical_only/balanced,0.9361022364217252,1.0,2.0,0.0,0.0,0.0,0.0,,,1.0
volcanoes-e4,./data/numerical_only/balanced,0.9361022364217252,1.0,2.0,0.0,0.0,0.0,0.0,,,2.0
volcanoes-e4,./data/numerical_only/balanced,0.9361022364217252,0.97,2.0,1.0,0.0,0.0,0.0,,1.0,3.0
volcanoes-e4,./data/numerical_only/balanced,0.9361022364217252,1.0,2.0,0.0,0.0,0.0,0.0,2.0,,1.0
volcanoes-e4,./data/numerical_only/balanced,0.9361022364217252,1.0,2.0,0.0,0.0,0.0,0.0,,1.0,1.0
volcanoes-e4,./data/numerical_only/balanced,0.9361022364217252,0.74,1.0,2.0,0.0,0.0,1.0,,2.0,3.0
volcanoes-e4,./data/numerical_only/balanced,0.9361022364217252,0.74,2.0,1.0,0.0,0.0,1.0,,1.0,1.0
volcanoes-e4,./data/numerical_only/balanced,0.9361022364217252,1.0,2.0,0.0,0.0,0.0,1.0,,1.0,1.0
volcanoes-e4,./data/numerical_only/balanced,0.9361022364217252,0.99,2.0,0.0,0.0,0.0,1.0,,1.0,2.0
volcanoes-e4,./data/numerical_only/balanced,0.9361022364217252,1.0,2.0,1.0,0.0,0.0,1.0,,1.0,2.0
volcanoes-e5,./data/numerical_only/balanced,0.9064748201438849,0.93,3.0,1.0,0.0,0.0,1.0,,1.0,1.0
volcanoes-e5,./data/numerical_only/balanced,0.9064748201438849,1.0,2.0,0.0,0.0,0.0,0.0,,1.0,1.0
volcanoes-e5,./data/numerical_only/balanced,0.9064748201438849,0.96,2.0,0.0,0.0,0.0,0.0,,1.0,1.0
volcanoes-e5,./data/numerical_only/balanced,0.9064748201438849,0.88,2.0,0.0,0.0,0.0,0.0,,1.0,1.0
volcanoes-e5,./data/numerical_only/balanced,0.9064748201438849,0.97,2.0,1.0,0.0,0.0,0.0,,1.0,1.0
volcanoes-e5,./data/numerical_only/balanced,0.9064748201438849,0.97,2.0,0.0,0.0,0.0,0.0,,1.0,3.0
volcanoes-e5,./data/numerical_only/balanced,0.9064748201438849,0.84,3.0,3.0,0.0,0.0,1.0,,1.0,1.0
volcanoes-e5,./data/numerical_only/balanced,0.9064748201438849,0.99,2.0,0.0,0.0,0.0,0.0,,1.0,2.0
volcanoes-e5,./data/numerical_only/balanced,0.9064748201438849,0.98,2.0,0.0,0.0,0.0,0.0,,,3.0
volcanoes-e5,./data/numerical_only/balanced,0.9064748201438849,1.0,2.0,0.0,0.0,0.0,0.0,,,1.0
volcanoes-e5,./data/numerical_only/balanced,0.9064748201438849,0.99,2.0,0.0,0.0,0.0,0.0,,1.0,3.0
volcanoes-e5,./data/numerical_only/balanced,0.9064748201438849,0.99,2.0,0.0,0.0,0.0,1.0,,1.0,2.0
volcanoes-e5,./data/numerical_only/balanced,0.9064748201438849,0.51,3.0,2.0,0.0,0.0,2.0,,1.0,1.0
volcanoes-e5,./data/numerical_only/balanced,0.9064748201438849,0.97,2.0,0.0,0.0,0.0,0.0,,,3.0
volcanoes-e5,./data/numerical_only/balanced,0.9064748201438849,0.99,2.0,1.0,0.0,0.0,0.0,,1.0,1.0
volcanoes-e5,./data/numerical_only/balanced,0.9064748201438849,0.99,2.0,1.0,0.0,0.0,0.0,,2.0,1.0
volcanoes-e5,./data/numerical_only/balanced,0.9064748201438849,0.89,2.0,0.0,0.0,0.0,0.0,,,3.0
volcanoes-e5,./data/numerical_only/balanced,0.9064748201438849,0.93,2.0,0.0,0.0,0.0,0.0,,1.0,3.0
volcanoes-e5,./data/numerical_only/balanced,0.9064748201438849,1.0,2.0,0.0,0.0,0.0,0.0,,,2.0
volcanoes-e5,./data/numerical_only/balanced,0.9064748201438849,0.84,2.0,2.0,0.0,0.0,1.0,,1.0,2.0
volcanoes-e5,./data/numerical_only/balanced,0.9064748201438849,0.95,2.0,0.0,0.0,0.0,0.0,,,1.0
volcanoes-e5,./data/numerical_only/balanced,0.9064748201438849,0.98,2.0,0.0,0.0,0.0,0.0,,1.0,2.0
volcanoes-e5,./data/numerical_only/balanced,0.9064748201438849,0.92,3.0,1.0,0.0,0.0,0.0,,,2.0
volcanoes-e5,./data/numerical_only/balanced,0.9064748201438849,0.98,2.0,2.0,0.0,0.0,0.0,,,3.0
volcanoes-e5,./data/numerical_only/balanced,0.9064748201438849,1.0,2.0,0.0,0.0,0.0,0.0,,,1.0
volcanoes-e5,./data/numerical_only/balanced,0.9064748201438849,0.99,2.0,0.0,0.0,0.0,0.0,,,3.0
volcanoes-e5,./data/numerical_only/balanced,0.9064748201438849,1.0,2.0,0.0,0.0,0.0,1.0,,1.0,2.0
volcanoes-e5,./data/numerical_only/balanced,0.9064748201438849,0.88,2.0,1.0,0.0,0.0,0.0,,1.0,1.0
volcanoes-e5,./data/numerical_only/balanced,0.9064748201438849,1.0,2.0,1.0,0.0,0.0,0.0,,1.0,1.0
volcanoes-e5,./data/numerical_only/balanced,0.9064748201438849,1.0,2.0,0.0,0.0,0.0,1.0,,1.0,1.0
volcanoes-e5,./data/numerical_only/balanced,0.9064748201438849,0.98,2.0,0.0,0.0,0.0,0.0,,,1.0
volcanoes-e5,./data/numerical_only/balanced,0.9064748201438849,0.94,2.0,0.0,0.0,0.0,0.0,,,2.0
volcanoes-e5,./data/numerical_only/balanced,0.9064748201438849,0.99,2.0,0.0,0.0,0.0,0.0,,1.0,3.0
volcanoes-e5,./data/numerical_only/balanced,0.9064748201438849,0.93,2.0,0.0,0.0,0.0,0.0,,,3.0
volcanoes-e5,./data/numerical_only/balanced,0.9064748201438849,0.98,2.0,1.0,0.0,0.0,0.0,,1.0,3.0
volcanoes-e5,./data/numerical_only/balanced,0.9064748201438849,0.97,2.0,0.0,0.0,0.0,0.0,,,1.0
volcanoes-e5,./data/numerical_only/balanced,0.9064748201438849,1.0,2.0,0.0,0.0,0.0,0.0,,,3.0
volcanoes-e5,./data/numerical_only/balanced,0.9064748201438849,0.48,3.0,2.0,0.0,0.0,3.0,,2.0,3.0
volcanoes-e5,./data/numerical_only/balanced,0.9064748201438849,0.95,2.0,0.0,0.0,0.0,0.0,,,3.0
volcanoes-e5,./data/numerical_only/balanced,0.9064748201438849,0.98,2.0,0.0,0.0,0.0,0.0,,1.0,2.0
volcanoes-e5,./data/numerical_only/balanced,0.9064748201438849,0.77,3.0,1.0,0.0,0.0,1.0,,,2.0
volcanoes-e5,./data/numerical_only/balanced,0.9064748201438849,0.41,3.0,1.0,0.0,0.0,3.0,,3.0,0.0
volcanoes-e5,./data/numerical_only/balanced,0.9064748201438849,0.76,3.0,1.0,0.0,0.0,1.0,,2.0,1.0
volcanoes-e5,./data/numerical_only/balanced,0.9064748201438849,0.99,2.0,2.0,0.0,0.0,0.0,,,3.0
volcanoes-e5,./data/numerical_only/balanced,0.9064748201438849,1.0,2.0,0.0,0.0,0.0,0.0,,1.0,1.0
volcanoes-e5,./data/numerical_only/balanced,0.9064748201438849,0.95,2.0,0.0,0.0,0.0,1.0,,,3.0
volcanoes-e5,./data/numerical_only/balanced,0.9064748201438849,1.0,2.0,0.0,0.0,0.0,0.0,,1.0,2.0
volcanoes-e5,./data/numerical_only/balanced,0.9064748201438849,0.94,2.0,1.0,0.0,0.0,0.0,,,3.0
volcanoes-e5,./data/numerical_only/balanced,0.9064748201438849,0.98,2.0,0.0,0.0,0.0,1.0,,2.0,1.0
volcanoes-e5,./data/numerical_only/balanced,0.9064748201438849,0.98,2.0,0.0,0.0,0.0,0.0,,1.0,1.0
wine-quality-red,./data/numerical_only/balanced,0.655,0.34,6.0,4.0,0.0,0.0,9.0,,7.0,9.0
wine-quality-red,./data/numerical_only/balanced,0.655,0.92,4.0,3.0,0.0,0.0,3.0,,4.0,3.0
wine-quality-red,./data/numerical_only/balanced,0.655,0.56,7.0,5.0,0.0,0.0,4.0,,6.0,9.0
wine-quality-red,./data/numerical_only/balanced,0.655,0.52,4.0,4.0,0.0,0.0,5.0,,7.0,11.0
wine-quality-red,./data/numerical_only/balanced,0.655,0.78,6.0,3.0,0.0,0.0,2.0,,6.0,3.0
wine-quality-red,./data/numerical_only/balanced,0.655,0.6,6.0,5.0,0.0,0.0,3.0,,3.0,4.0
wine-quality-red,./data/numerical_only/balanced,0.655,0.76,7.0,5.0,0.0,0.0,2.0,,4.0,5.0
wine-quality-red,./data/numerical_only/balanced,0.655,0.46,4.0,1.0,0.0,0.0,4.0,,5.0,2.0
wine-quality-red,./data/numerical_only/balanced,0.655,0.51,8.0,6.0,0.0,0.0,7.0,,5.0,2.0
wine-quality-red,./data/numerical_only/balanced,0.655,0.45,6.0,4.0,0.0,0.0,10.0,,10.0,2.0
wine-quality-red,./data/numerical_only/balanced,0.655,0.73,7.0,5.0,0.0,0.0,3.0,,3.0,6.0
wine-quality-red,./data/numerical_only/balanced,0.655,0.56,8.0,3.0,0.0,0.0,4.0,,4.0,4.0
wine-quality-red,./data/numerical_only/balanced,0.655,0.98,7.0,4.0,0.0,0.0,4.0,,4.0,3.0
wine-quality-red,./data/numerical_only/balanced,0.655,0.58,8.0,4.0,0.0,0.0,4.0,,6.0,7.0
wine-quality-red,./data/numerical_only/balanced,0.655,0.91,7.0,4.0,0.0,0.0,3.0,,4.0,3.0
wine-quality-red,./data/numerical_only/balanced,0.655,0.45,6.0,3.0,0.0,0.0,5.0,,7.0,5.0
wine-quality-red,./data/numerical_only/balanced,0.655,0.43,5.0,5.0,0.0,0.0,5.0,,8.0,4.0
wine-quality-red,./data/numerical_only/balanced,0.655,0.71,7.0,3.0,0.0,0.0,3.0,,8.0,8.0
wine-quality-red,./data/numerical_only/balanced,0.655,0.5,7.0,4.0,0.0,0.0,2.0,,3.0,2.0
wine-quality-red,./data/numerical_only/balanced,0.655,0.66,9.0,6.0,0.0,0.0,4.0,,7.0,11.0
wine-quality-red,./data/numerical_only/balanced,0.655,0.86,6.0,1.0,0.0,0.0,2.0,,1.0,2.0
wine-quality-red,./data/numerical_only/balanced,0.655,0.45,5.0,6.0,0.0,0.0,9.0,,8.0,11.0
wine-quality-red,./data/numerical_only/balanced,0.655,0.72,8.0,2.0,0.0,0.0,3.0,,4.0,4.0
wine-quality-red,./data/numerical_only/balanced,0.655,0.44,7.0,4.0,0.0,0.0,6.0,,6.0,7.0
wine-quality-red,./data/numerical_only/balanced,0.655,0.69,8.0,8.0,0.0,0.0,4.0,,3.0,4.0
wine-quality-red,./data/numerical_only/balanced,0.655,0.55,6.0,4.0,0.0,0.0,5.0,,6.0,2.0
wine-quality-red,./data/numerical_only/balanced,0.655,0.57,7.0,5.0,0.0,0.0,5.0,,5.0,2.0
wine-quality-red,./data/numerical_only/balanced,0.655,0.66,7.0,6.0,0.0,0.0,2.0,,3.0,2.0
wine-quality-red,./data/numerical_only/balanced,0.655,0.78,7.0,4.0,0.0,0.0,3.0,,2.0,2.0
wine-quality-red,./data/numerical_only/balanced,0.655,0.56,5.0,6.0,0.0,0.0,3.0,,3.0,5.0
wine-quality-red,./data/numerical_only/balanced,0.655,0.74,6.0,3.0,0.0,0.0,2.0,,5.0,5.0
wine-quality-red,./data/numerical_only/balanced,0.655,0.47,5.0,6.0,0.0,0.0,5.0,,6.0,3.0
wine-quality-red,./data/numerical_only/balanced,0.655,0.44,6.0,5.0,0.0,0.0,4.0,,6.0,2.0
wine-quality-red,./data/numerical_only/balanced,0.655,0.38,8.0,5.0,0.0,0.0,8.0,,8.0,6.0
wine-quality-red,./data/numerical_only/balanced,0.655,0.55,5.0,4.0,0.0,0.0,5.0,,6.0,11.0
wine-quality-red,./data/numerical_only/balanced,0.655,0.4,4.0,3.0,0.0,0.0,9.0,,5.0,2.0
wine-quality-red,./data/numerical_only/balanced,0.655,0.96,8.0,1.0,0.0,0.0,1.0,,2.0,3.0
wine-quality-red,./data/numerical_only/balanced,0.655,0.38,7.0,4.0,0.0,0.0,8.0,,8.0,11.0
wine-quality-red,./data/numerical_only/balanced,0.655,0.61,7.0,3.0,0.0,0.0,4.0,,5.0,4.0
wine-quality-red,./data/numerical_only/balanced,0.655,0.44,7.0,4.0,0.0,0.0,3.0,,5.0,5.0
wine-quality-red,./data/numerical_only/balanced,0.655,0.36,5.0,3.0,0.0,0.0,10.0,,8.0,9.0
wine-quality-red,./data/numerical_only/balanced,0.655,0.58,8.0,5.0,0.0,0.0,3.0,,3.0,4.0
wine-quality-red,./data/numerical_only/balanced,0.655,0.5,3.0,5.0,0.0,0.0,5.0,,6.0,5.0
wine-quality-red,./data/numerical_only/balanced,0.655,0.96,7.0,6.0,0.0,0.0,2.0,,5.0,2.0
wine-quality-red,./data/numerical_only/balanced,0.655,0.84,7.0,8.0,0.0,0.0,2.0,,3.0,5.0
wine-quality-red,./data/numerical_only/balanced,0.655,0.47,3.0,4.0,0.0,0.0,3.0,,7.0,9.0
wine-quality-red,./data/numerical_only/balanced,0.655,0.5,6.0,2.0,0.0,0.0,3.0,,3.0,2.0
wine-quality-red,./data/numerical_only/balanced,0.655,0.37,6.0,3.0,0.0,0.0,6.0,,8.0,4.0
wine-quality-red,./data/numerical_only/balanced,0.655,0.65,4.0,4.0,0.0,0.0,3.0,,6.0,3.0
wine-quality-red,./data/numerical_only/balanced,0.655,0.53,7.0,5.0,0.0,0.0,6.0,,5.0,3.0
maternal,./data/numerical_only/balanced,0.7913385826771654,1.0,5.0,3.0,0.0,0.0,2.0,3.0,2.0,3.0
maternal,./data/numerical_only/balanced,0.7913385826771654,0.61,3.0,3.0,0.0,0.0,4.0,6.0,4.0,6.0
maternal,./data/numerical_only/balanced,0.7913385826771654,0.7866666666666666,4.0,3.0,0.0,0.0,3.0,3.0,4.0,6.0
maternal,./data/numerical_only/balanced,0.7913385826771654,0.6916666666666668,5.0,4.0,0.0,0.0,4.0,2.0,3.0,6.0
maternal,./data/numerical_only/balanced,0.7913385826771654,0.9566666666666667,2.0,1.0,0.0,0.0,2.0,2.0,3.0,1.0
maternal,./data/numerical_only/balanced,0.7913385826771654,0.978,3.0,2.0,0.0,0.0,3.0,5.0,3.0,2.0
maternal,./data/numerical_only/balanced,0.7913385826771654,0.925,5.0,2.0,0.0,0.0,3.0,5.0,3.0,6.0
maternal,./data/numerical_only/balanced,0.7913385826771654,0.4966666666666667,5.0,3.0,0.0,0.0,4.0,5.0,5.0,3.0
maternal,./data/numerical_only/balanced,0.7913385826771654,0.5945595238095239,4.0,3.0,0.0,0.0,2.0,4.0,2.0,3.0
maternal,./data/numerical_only/balanced,0.7913385826771654,0.631952380952381,4.0,3.0,0.0,0.0,2.0,5.0,5.0,5.0
maternal,./data/numerical_only/balanced,0.7913385826771654,0.98,3.0,1.0,0.0,0.0,1.0,2.0,1.0,1.0
maternal,./data/numerical_only/balanced,0.7913385826771654,0.8124615384615379,3.0,1.0,0.0,0.0,2.0,3.0,1.0,2.0
maternal,./data/numerical_only/balanced,0.7913385826771654,1.0,2.0,2.0,0.0,0.0,2.0,2.0,1.0,1.0
maternal,./data/numerical_only/balanced,0.7913385826771654,0.8263268567046942,5.0,2.0,0.0,0.0,4.0,4.0,3.0,3.0
maternal,./data/numerical_only/balanced,0.7913385826771654,0.9566666666666667,2.0,1.0,0.0,0.0,2.0,3.0,2.0,2.0
maternal,./data/numerical_only/balanced,0.7913385826771654,0.8972222222222223,5.0,3.0,0.0,0.0,3.0,4.0,4.0,6.0
maternal,./data/numerical_only/balanced,0.7913385826771654,0.99,3.0,1.0,0.0,0.0,3.0,3.0,4.0,5.0
maternal,./data/numerical_only/balanced,0.7913385826771654,0.88,5.0,4.0,0.0,0.0,4.0,4.0,4.0,5.0
maternal,./data/numerical_only/balanced,0.7913385826771654,0.6128571428571429,4.0,4.0,0.0,0.0,4.0,3.0,4.0,2.0
maternal,./data/numerical_only/balanced,0.7913385826771654,0.715,4.0,3.0,0.0,0.0,3.0,4.0,4.0,6.0
maternal,./data/numerical_only/balanced,0.7913385826771654,0.7210357142857142,3.0,4.0,0.0,0.0,3.0,4.0,3.0,2.0
maternal,./data/numerical_only/balanced,0.7913385826771654,0.99,3.0,1.0,0.0,0.0,2.0,3.0,2.0,6.0
maternal,./data/numerical_only/balanced,0.7913385826771654,0.97,3.0,3.0,0.0,0.0,2.0,4.0,4.0,6.0
maternal,./data/numerical_only/balanced,0.7913385826771654,0.6089294261294261,5.0,1.0,0.0,0.0,3.0,3.0,4.0,6.0
maternal,./data/numerical_only/balanced,0.7913385826771654,0.7787142857142858,5.0,4.0,0.0,0.0,2.0,2.0,5.0,6.0
maternal,./data/numerical_only/balanced,0.7913385826771654,0.75,3.0,2.0,0.0,0.0,4.0,4.0,5.0,1.0
maternal,./data/numerical_only/balanced,0.7913385826771654,0.8348051948051948,3.0,3.0,0.0,0.0,4.0,4.0,5.0,6.0
maternal,./data/numerical_only/balanced,0.7913385826771654,0.975,3.0,1.0,0.0,0.0,2.0,3.0,3.0,4.0
maternal,./data/numerical_only/balanced,0.7913385826771654,1.0,2.0,1.0,0.0,0.0,1.0,3.0,1.0,1.0
maternal,./data/numerical_only/balanced,0.7913385826771654,1.0,3.0,2.0,0.0,0.0,3.0,4.0,4.0,3.0
maternal,./data/numerical_only/balanced,0.7913385826771654,0.9566666666666667,2.0,1.0,0.0,0.0,2.0,2.0,2.0,1.0
maternal,./data/numerical_only/balanced,0.7913385826771654,0.5866666666666667,3.0,2.0,0.0,0.0,2.0,4.0,4.0,6.0
maternal,./data/numerical_only/balanced,0.7913385826771654,0.8925,3.0,3.0,0.0,0.0,3.0,3.0,3.0,3.0
maternal,./data/numerical_only/balanced,0.7913385826771654,0.96,2.0,2.0,0.0,0.0,3.0,4.0,4.0,6.0
maternal,./data/numerical_only/balanced,0.7913385826771654,0.5956672996230173,3.0,1.0,0.0,0.0,2.0,3.0,2.0,1.0
maternal,./data/numerical_only/balanced,0.7913385826771654,0.6507396202868336,5.0,4.0,0.0,0.0,5.0,4.0,5.0,6.0
maternal,./data/numerical_only/balanced,0.7913385826771654,0.99,3.0,2.0,0.0,0.0,2.0,2.0,4.0,6.0
maternal,./data/numerical_only/balanced,0.7913385826771654,0.8566666666666666,5.0,4.0,0.0,0.0,3.0,4.0,5.0,6.0
maternal,./data/numerical_only/balanced,0.7913385826771654,0.5956672996230173,3.0,1.0,0.0,0.0,2.0,4.0,2.0,1.0
maternal,./data/numerical_only/balanced,0.7913385826771654,0.8263268567046942,5.0,2.0,0.0,0.0,3.0,4.0,4.0,5.0
maternal,./data/numerical_only/balanced,0.7913385826771654,0.5126388888888889,5.0,4.0,0.0,0.0,4.0,4.0,4.0,6.0
maternal,./data/numerical_only/balanced,0.7913385826771654,0.988235294117647,5.0,3.0,0.0,0.0,2.0,3.0,2.0,3.0
maternal,./data/numerical_only/balanced,0.7913385826771654,0.9051365356282898,5.0,2.0,0.0,0.0,2.0,4.0,4.0,6.0
maternal,./data/numerical_only/balanced,0.7913385826771654,0.7346666666666667,5.0,3.0,0.0,0.0,4.0,5.0,4.0,5.0
maternal,./data/numerical_only/balanced,0.7913385826771654,0.95,4.0,3.0,0.0,0.0,2.0,4.0,3.0,2.0
maternal,./data/numerical_only/balanced,0.7913385826771654,0.890357142857143,4.0,3.0,0.0,0.0,4.0,4.0,3.0,6.0
maternal,./data/numerical_only/balanced,0.7913385826771654,1.0,2.0,1.0,0.0,0.0,1.0,3.0,1.0,2.0
maternal,./data/numerical_only/balanced,0.7913385826771654,0.7070588235294117,5.0,3.0,0.0,0.0,2.0,4.0,6.0,4.0
maternal,./data/numerical_only/balanced,0.7913385826771654,0.6507396202868336,5.0,4.0,0.0,0.0,5.0,4.0,4.0,6.0
maternal,./data/numerical_only/balanced,0.7913385826771654,0.99,5.0,2.0,0.0,0.0,2.0,3.0,3.0,6.0
